Income,Kidhome,Teenhome,Age,Partner,Education_Level,Clusters
58138.0,0,0,57,No,Graduate,1
46344.0,1,1,60,No,Graduate,1
71613.0,0,0,49,Yes,Graduate,3
26646.0,1,0,30,Yes,Graduate,0
58293.0,1,0,33,Yes,Postgraduate,3
62513.0,0,1,47,Yes,Postgraduate,1
55635.0,0,1,43,No,Graduate,2
33454.0,1,0,29,Yes,Postgraduate,0
30351.0,1,0,40,Yes,Postgraduate,0
5648.0,1,1,64,Yes,Postgraduate,0
7500.0,0,0,38,Yes,Undergraduate,0
63033.0,0,0,55,No,Graduate,1
59354.0,1,1,62,No,Postgraduate,1
17323.0,0,0,27,Yes,Graduate,0
82800.0,0,0,68,No,Postgraduate,1
41850.0,1,1,34,Yes,Graduate,0
37760.0,0,0,68,Yes,Graduate,1
76995.0,0,1,65,Yes,Postgraduate,1
33812.0,1,0,29,No,Undergraduate,2
37040.0,0,0,32,Yes,Graduate,0
2447.0,1,0,35,Yes,Graduate,0
58607.0,0,1,65,Yes,Postgraduate,1
65324.0,0,1,60,Yes,Postgraduate,1
40689.0,0,1,63,Yes,Graduate,1
18589.0,0,0,45,No,Graduate,2
53359.0,1,1,38,Yes,Graduate,0
38360.0,1,0,25,Yes,Graduate,0
84618.0,0,0,49,Yes,Postgraduate,3
10979.0,0,0,25,No,Postgraduate,2
38620.0,0,0,51,Yes,Postgraduate,0
40548.0,0,1,44,Yes,Graduate,0
46610.0,0,2,62,No,Postgraduate,1
68657.0,0,0,68,Yes,Postgraduate,1
49389.0,1,1,63,No,Postgraduate,1
67353.0,0,1,44,Yes,Postgraduate,3
23718.0,1,0,38,Yes,Undergraduate,0
42429.0,0,1,41,No,Graduate,2
48948.0,0,0,71,No,Postgraduate,1
80011.0,0,1,34,Yes,Graduate,3
20559.0,1,0,29,Yes,Postgraduate,0
21994.0,0,1,57,Yes,Graduate,0
7500.0,1,0,39,Yes,Postgraduate,0
79941.0,0,0,38,No,Graduate,3
7500.0,0,0,18,Yes,Undergraduate,0
41728.0,1,0,46,Yes,Graduate,0
72550.0,1,1,60,Yes,Postgraduate,1
65486.0,0,1,57,No,Graduate,1
79143.0,0,0,50,Yes,Postgraduate,1
35790.0,1,0,37,No,Graduate,2
82582.0,0,0,37,No,Graduate,3
66373.0,1,1,36,Yes,Graduate,3
82384.0,0,0,59,Yes,Postgraduate,1
70287.0,0,0,48,No,Graduate,3
27938.0,1,0,26,No,Graduate,2
55954.0,0,1,46,Yes,Postgraduate,1
75777.0,0,0,32,No,Postgraduate,3
66653.0,1,1,39,Yes,Graduate,3
61823.0,0,1,62,No,Graduate,1
67680.0,0,1,63,No,Postgraduate,1
70666.0,0,0,66,Yes,Graduate,1
25721.0,1,0,43,Yes,Graduate,0
32474.0,1,1,47,Yes,Graduate,0
88194.0,0,1,35,No,Undergraduate,3
69096.0,0,1,56,Yes,Graduate,1
74854.0,1,2,44,Yes,Graduate,3
66991.0,0,0,60,Yes,Postgraduate,1
65031.0,0,1,55,Yes,Graduate,1
60631.0,1,1,39,Yes,Postgraduate,3
28332.0,0,0,62,Yes,Graduate,1
40246.0,1,0,37,No,Graduate,2
75251.0,0,0,42,Yes,Postgraduate,3
75825.0,0,0,38,No,Graduate,3
26326.0,0,0,38,Yes,Undergraduate,0
56046.0,0,0,49,Yes,Graduate,1
29760.0,1,0,29,No,Graduate,2
26304.0,1,0,45,Yes,Graduate,0
23559.0,1,0,41,Yes,Undergraduate,0
38620.0,0,0,51,Yes,Postgraduate,0
81361.0,0,0,27,No,Graduate,3
29440.0,1,1,54,Yes,Graduate,0
36138.0,1,1,44,Yes,Postgraduate,0
50388.0,0,1,57,No,Graduate,1
79593.0,0,0,41,Yes,Graduate,3
54178.0,0,1,47,Yes,Graduate,1
42394.0,1,0,42,No,Postgraduate,2
23626.0,1,0,44,Yes,Postgraduate,0
30096.0,1,0,31,Yes,Graduate,0
47916.0,0,1,54,No,Graduate,1
51813.0,1,1,42,No,Graduate,2
78497.0,0,0,63,Yes,Undergraduate,1
50150.0,0,0,31,Yes,Postgraduate,0
47823.0,0,1,54,No,Undergraduate,2
34554.0,0,1,55,No,Postgraduate,2
85693.0,0,1,35,Yes,Graduate,3
65846.0,0,0,69,Yes,Postgraduate,1
87195.0,0,0,55,Yes,Graduate,1
24594.0,1,0,35,Yes,Undergraduate,0
49096.0,1,1,50,Yes,Graduate,1
52413.0,0,2,45,Yes,Graduate,0
38557.0,1,0,36,No,Graduate,2
89058.0,0,0,54,Yes,Postgraduate,1
77298.0,0,1,35,Yes,Graduate,3
68126.0,0,0,23,No,Postgraduate,3
57288.0,0,1,51,Yes,Postgraduate,1
86037.0,0,0,23,No,Graduate,3
43974.0,1,0,34,Yes,Postgraduate,0
50785.0,1,1,52,No,Graduate,2
90765.0,0,0,44,Yes,Graduate,3
36550.0,1,0,36,Yes,Undergraduate,0
30753.0,1,1,47,Yes,Undergraduate,0
21918.0,1,0,45,Yes,Graduate,0
56129.0,0,1,61,Yes,Postgraduate,1
32557.0,1,0,47,No,Postgraduate,2
19510.0,2,0,29,Yes,Postgraduate,0
30992.0,1,0,38,No,Graduate,2
101970.0,0,0,31,No,Graduate,3
71488.0,0,0,49,Yes,Undergraduate,3
79607.0,0,0,30,No,Graduate,3
54348.0,1,1,61,Yes,Postgraduate,1
77376.0,1,1,58,Yes,Postgraduate,1
62998.0,0,1,62,Yes,Graduate,1
61331.0,1,1,56,No,Postgraduate,1
73448.0,0,0,45,Yes,Graduate,3
41551.0,1,1,50,Yes,Postgraduate,0
62981.0,0,0,47,Yes,Postgraduate,1
9548.0,1,0,38,No,Undergraduate,2
33762.0,2,1,55,Yes,Postgraduate,1
35860.0,1,1,41,No,Postgraduate,2
36921.0,1,1,49,No,Postgraduate,2
92859.0,0,0,22,No,Postgraduate,3
65104.0,0,1,38,Yes,Postgraduate,3
86111.0,0,0,52,Yes,Graduate,1
68352.0,0,1,40,No,Postgraduate,3
41883.0,1,0,26,Yes,Graduate,0
59809.0,0,2,38,Yes,Graduate,3
23957.0,1,0,39,Yes,Graduate,0
38547.0,1,0,33,Yes,Graduate,0
35688.0,2,1,41,Yes,Undergraduate,0
49605.0,0,0,48,Yes,Postgraduate,1
59354.0,0,2,61,Yes,Postgraduate,1
65747.0,0,1,45,Yes,Graduate,3
46344.0,0,1,42,Yes,Undergraduate,0
34176.0,1,0,26,No,Graduate,2
61010.0,0,1,62,Yes,Postgraduate,1
69372.0,0,0,65,Yes,Graduate,1
49967.0,0,1,56,No,Graduate,1
60199.0,1,2,36,No,Graduate,3
55375.0,0,1,37,Yes,Graduate,3
80317.0,0,0,59,No,Graduate,1
30523.0,2,1,56,No,Postgraduate,2
70356.0,0,0,69,Yes,Postgraduate,1
23228.0,1,0,30,Yes,Graduate,0
74165.0,0,0,39,No,Postgraduate,3
118350.5,0,1,41,Yes,Postgraduate,3
43482.0,2,1,48,Yes,Graduate,0
62551.0,0,0,61,No,Graduate,1
52332.0,0,0,55,No,Graduate,1
66951.0,0,0,26,No,Graduate,3
26091.0,1,1,57,Yes,Graduate,0
33456.0,1,1,49,Yes,Graduate,0
28718.0,1,0,32,Yes,Graduate,0
50447.0,2,0,44,Yes,Graduate,0
53537.0,1,1,55,Yes,Postgraduate,1
52074.0,0,1,47,No,Graduate,2
80427.0,0,1,39,Yes,Postgraduate,3
83837.0,0,0,66,Yes,Postgraduate,1
38853.0,1,1,44,Yes,Postgraduate,0
38285.0,2,1,55,Yes,Graduate,1
78497.0,0,0,63,Yes,Undergraduate,1
51650.0,0,1,38,Yes,Postgraduate,0
16248.0,1,0,26,Yes,Undergraduate,0
66835.0,0,0,68,Yes,Postgraduate,1
30477.0,1,0,30,Yes,Postgraduate,0
28249.0,0,0,53,Yes,Undergraduate,0
25271.0,1,0,31,Yes,Graduate,0
32303.0,0,1,44,No,Postgraduate,2
61286.0,0,1,48,Yes,Graduate,1
74068.0,0,0,38,Yes,Graduate,3
45759.0,1,1,50,Yes,Postgraduate,1
24882.0,1,0,36,Yes,Undergraduate,0
66973.0,0,0,25,Yes,Postgraduate,3
36640.0,1,0,82,No,Undergraduate,1
38872.0,1,0,26,Yes,Graduate,0
51148.0,1,1,41,Yes,Graduate,0
31353.0,1,1,37,Yes,Graduate,0
69661.0,0,0,34,Yes,Postgraduate,3
80067.0,0,0,60,Yes,Graduate,1
86718.0,0,0,60,Yes,Graduate,1
46854.0,1,1,41,No,Postgraduate,2
69142.0,0,1,62,No,Graduate,1
75922.0,0,0,46,No,Graduate,3
63693.0,0,1,36,No,Graduate,3
102160.0,0,0,37,Yes,Postgraduate,3
40637.0,1,1,49,No,Postgraduate,2
18890.0,0,0,30,No,Postgraduate,2
29604.0,1,0,26,Yes,Graduate,0
48721.0,1,1,51,No,Postgraduate,2
44794.0,0,1,48,Yes,Graduate,0
64497.0,0,1,60,No,Graduate,1
46097.0,0,1,58,Yes,Graduate,1
77972.0,0,0,60,Yes,Graduate,1
44377.0,1,1,46,Yes,Postgraduate,0
46014.0,1,1,40,Yes,Postgraduate,0
70951.0,0,0,29,Yes,Graduate,3
41443.0,1,0,37,Yes,Graduate,0
52195.0,2,1,36,No,Undergraduate,2
83790.0,0,0,66,Yes,Postgraduate,1
44551.0,0,1,60,No,Postgraduate,1
69508.0,1,0,34,Yes,Graduate,3
45204.0,1,0,26,Yes,Undergraduate,0
72460.0,0,0,45,Yes,Graduate,3
77622.0,0,2,44,Yes,Postgraduate,3
30732.0,1,0,34,Yes,Postgraduate,0
63887.0,0,1,52,No,Graduate,1
42011.0,1,0,36,Yes,Graduate,0
51369.0,0,1,38,Yes,Graduate,0
51537.0,0,1,62,No,Graduate,1
79930.0,0,0,42,Yes,Postgraduate,3
34320.0,1,0,28,Yes,Postgraduate,0
37070.0,1,1,48,No,Graduate,2
81975.0,0,1,52,No,Undergraduate,1
38590.0,1,0,43,Yes,Graduate,0
15033.0,0,0,63,No,Graduate,2
62745.0,0,1,49,Yes,Postgraduate,1
22212.0,1,0,39,Yes,Undergraduate,0
23661.0,1,0,32,Yes,Postgraduate,0
79761.0,0,1,56,No,Postgraduate,1
7500.0,1,0,41,No,Graduate,2
60182.0,0,1,82,No,Undergraduate,1
73455.0,0,0,46,No,Graduate,3
64961.0,0,1,56,Yes,Graduate,1
22804.0,1,0,43,No,Graduate,2
73687.0,0,0,24,Yes,Graduate,3
61074.0,0,1,56,Yes,Graduate,1
31686.0,1,1,50,Yes,Postgraduate,0
80134.0,1,0,42,Yes,Graduate,3
75027.0,0,1,61,Yes,Graduate,1
67546.0,0,0,26,Yes,Postgraduate,3
65176.0,0,1,45,Yes,Postgraduate,3
31160.0,1,0,39,No,Postgraduate,2
29938.0,1,0,29,No,Graduate,2
102692.0,0,0,40,No,Graduate,3
26490.0,0,0,56,Yes,Undergraduate,0
75702.0,1,1,47,Yes,Graduate,3
30899.0,1,0,40,No,Postgraduate,2
63342.0,0,1,53,Yes,Postgraduate,1
45989.0,0,1,50,No,Graduate,2
18701.0,1,1,50,No,Graduate,2
40737.0,2,1,57,No,Postgraduate,1
15287.0,1,0,35,No,Graduate,2
69674.0,0,2,46,No,Postgraduate,3
44159.0,1,0,44,Yes,Postgraduate,0
37717.0,1,0,36,Yes,Postgraduate,0
43776.0,1,1,62,Yes,Postgraduate,1
38179.0,1,1,48,Yes,Postgraduate,0
80124.0,0,0,51,Yes,Graduate,1
38097.0,1,1,44,Yes,Postgraduate,0
72940.0,0,0,44,Yes,Graduate,3
22070.0,1,0,44,Yes,Graduate,0
69267.0,0,0,61,No,Graduate,1
31788.0,1,0,31,No,Postgraduate,2
61905.0,0,1,39,Yes,Postgraduate,3
29315.0,1,1,54,Yes,Graduate,0
33378.0,1,1,51,No,Graduate,2
66313.0,0,1,51,Yes,Postgraduate,1
60714.0,0,0,58,No,Graduate,1
77882.0,0,0,33,Yes,Postgraduate,3
69867.0,0,0,28,No,Postgraduate,3
63841.0,0,1,46,No,Postgraduate,3
24480.0,1,0,33,Yes,Undergraduate,0
51369.0,0,1,38,Yes,Graduate,0
37760.0,0,0,68,Yes,Graduate,1
65640.0,0,1,40,Yes,Postgraduate,3
44319.0,1,1,39,Yes,Postgraduate,0
30631.0,1,0,40,Yes,Graduate,0
75278.0,0,0,62,Yes,Graduate,1
50898.0,1,1,58,Yes,Postgraduate,1
79946.0,0,0,48,No,Graduate,3
35416.0,0,0,65,No,Postgraduate,1
32414.0,0,0,30,Yes,Undergraduate,0
38361.0,1,0,45,Yes,Graduate,0
82497.0,0,0,34,Yes,Graduate,3
16626.0,2,0,43,Yes,Graduate,0
29672.0,1,1,49,Yes,Graduate,0
55951.0,0,1,62,Yes,Postgraduate,1
35388.0,1,0,26,No,Undergraduate,2
42386.0,1,0,28,Yes,Postgraduate,0
68627.0,0,0,32,No,Graduate,3
57912.0,0,1,49,No,Postgraduate,1
35246.0,1,1,56,No,Graduate,2
58821.0,0,1,58,Yes,Undergraduate,1
46377.0,1,0,36,Yes,Postgraduate,0
39747.0,1,0,26,No,Graduate,2
23976.0,1,0,30,Yes,Graduate,0
80950.0,0,0,53,Yes,Postgraduate,1
27038.0,0,0,48,No,Graduate,2
77457.0,0,0,67,No,Graduate,1
64100.0,0,1,50,Yes,Postgraduate,1
42670.0,0,0,22,Yes,Postgraduate,0
12571.0,1,0,38,No,Graduate,2
22574.0,2,1,47,Yes,Graduate,0
70893.0,0,0,38,No,Postgraduate,3
54198.0,1,1,48,Yes,Graduate,1
28839.0,1,1,58,Yes,Postgraduate,1
40321.0,1,1,42,Yes,Graduate,0
66503.0,1,0,29,No,Graduate,3
30833.0,1,1,63,Yes,Graduate,1
64795.0,0,1,43,Yes,Graduate,3
34421.0,1,0,40,Yes,Graduate,0
47025.0,1,1,49,No,Postgraduate,2
64325.0,0,1,53,No,Postgraduate,1
40464.0,0,1,61,No,Graduate,1
62187.0,0,0,57,Yes,Graduate,1
14849.0,1,0,38,No,Postgraduate,2
27255.0,1,0,30,Yes,Graduate,0
54432.0,2,1,64,Yes,Postgraduate,1
29999.0,1,0,28,No,Postgraduate,2
24072.0,1,0,31,No,Graduate,2
33996.0,0,0,25,No,Postgraduate,2
66334.0,0,1,58,Yes,Postgraduate,1
35178.0,1,0,43,Yes,Postgraduate,0
22010.0,1,0,31,Yes,Graduate,0
62204.0,0,2,54,No,Graduate,1
75693.0,0,0,46,No,Graduate,3
30675.0,1,0,42,Yes,Graduate,0
83003.0,0,0,49,Yes,Graduate,3
83532.0,0,0,82,Yes,Postgraduate,1
68655.0,0,0,26,No,Graduate,3
41411.0,0,0,28,No,Graduate,2
55212.0,0,1,45,Yes,Postgraduate,3
59292.0,0,1,64,Yes,Postgraduate,1
27190.0,1,0,41,Yes,Undergraduate,0
82623.0,0,0,62,No,Graduate,1
44300.0,1,1,49,Yes,Graduate,0
84835.0,0,0,44,No,Graduate,3
30372.0,1,1,43,No,Graduate,2
33181.0,1,0,38,Yes,Postgraduate,0
71113.0,0,1,57,Yes,Graduate,1
71952.0,1,0,28,Yes,Graduate,3
69759.0,0,0,48,No,Postgraduate,1
72099.0,0,0,40,Yes,Graduate,3
60000.0,0,1,38,No,Postgraduate,3
38643.0,1,1,36,No,Graduate,2
50737.0,0,1,59,Yes,Graduate,1
68462.0,0,0,45,Yes,Postgraduate,3
65073.0,0,0,71,Yes,Postgraduate,1
46681.0,0,2,66,Yes,Postgraduate,1
78618.0,0,0,57,Yes,Graduate,1
62187.0,0,1,45,No,Postgraduate,3
28442.0,2,0,36,Yes,Graduate,0
37717.0,1,0,36,Yes,Postgraduate,0
51479.0,1,1,47,Yes,Graduate,0
54803.0,0,1,45,No,Graduate,2
79530.0,0,0,54,Yes,Graduate,1
31615.0,1,0,38,No,Graduate,2
72025.0,0,0,52,Yes,Graduate,1
52614.0,0,1,39,No,Postgraduate,2
35684.0,1,0,30,Yes,Undergraduate,0
48178.0,1,1,39,Yes,Graduate,0
29548.0,1,0,44,No,Postgraduate,2
63810.0,0,1,48,No,Graduate,1
38578.0,1,1,42,No,Postgraduate,2
46098.0,1,1,39,No,Postgraduate,2
22585.0,0,0,44,No,Graduate,2
30279.0,1,0,25,No,Graduate,2
66426.0,0,1,53,Yes,Postgraduate,1
30822.0,1,0,45,No,Graduate,2
33581.0,2,0,45,Yes,Postgraduate,0
19986.0,1,0,29,Yes,Graduate,0
27421.0,0,0,60,No,Graduate,2
35688.0,2,1,41,Yes,Undergraduate,0
36143.0,1,0,33,No,Postgraduate,2
10245.0,1,0,43,No,Graduate,2
43795.0,0,1,46,Yes,Postgraduate,0
63381.0,0,1,54,Yes,Graduate,1
38823.0,0,1,65,Yes,Graduate,1
83664.0,1,1,46,No,Postgraduate,3
90300.0,0,0,35,Yes,Graduate,3
62499.0,1,0,35,Yes,Postgraduate,3
74293.0,0,0,21,No,Graduate,3
51012.0,0,0,68,Yes,Postgraduate,1
70777.0,0,1,46,Yes,Postgraduate,3
68682.0,0,0,23,Yes,Postgraduate,3
43824.0,1,1,43,Yes,Graduate,0
15345.0,1,0,30,Yes,Graduate,0
23442.0,1,0,27,No,Graduate,2
14515.0,1,0,34,Yes,Undergraduate,0
31395.0,1,1,58,No,Undergraduate,2
75276.0,0,0,49,Yes,Graduate,3
42373.0,1,1,40,No,Graduate,2
30507.0,0,0,54,Yes,Graduate,0
55521.0,1,2,59,No,Postgraduate,1
48006.0,1,1,49,Yes,Graduate,0
27213.0,1,0,42,No,Postgraduate,2
65808.0,1,1,43,No,Postgraduate,3
30351.0,1,0,40,Yes,Postgraduate,0
50437.0,0,2,51,Yes,Graduate,1
23616.0,1,0,32,No,Undergraduate,2
53858.0,0,1,38,Yes,Graduate,0
66465.0,0,1,59,Yes,Postgraduate,1
46923.0,1,0,27,No,Graduate,2
75072.0,0,1,52,Yes,Graduate,1
75865.0,0,0,71,Yes,Postgraduate,1
19789.0,1,0,39,Yes,Undergraduate,0
80134.0,0,0,20,Yes,Graduate,3
91065.0,0,0,33,No,Graduate,3
49505.0,1,1,43,Yes,Postgraduate,0
37401.0,1,0,41,Yes,Postgraduate,0
30096.0,1,0,31,Yes,Graduate,0
18492.0,1,0,32,Yes,Postgraduate,0
82584.0,0,0,40,Yes,Postgraduate,3
93027.0,0,0,73,Yes,Postgraduate,1
48686.0,1,2,61,Yes,Graduate,1
92910.0,0,0,28,Yes,Graduate,3
75433.0,1,0,25,Yes,Graduate,3
10404.0,1,0,25,Yes,Undergraduate,0
61314.0,0,1,46,Yes,Graduate,3
84865.0,0,0,53,No,Postgraduate,1
42387.0,1,0,25,Yes,Graduate,0
67309.0,1,1,47,Yes,Undergraduate,3
75236.0,0,1,50,Yes,Graduate,1
30015.0,1,0,44,No,Graduate,2
50943.0,0,1,58,Yes,Postgraduate,1
67272.0,0,1,48,No,Graduate,3
51529.0,0,1,65,No,Postgraduate,1
32011.0,1,0,43,Yes,Postgraduate,0
7500.0,1,0,28,Yes,Undergraduate,0
28691.0,1,0,25,Yes,Graduate,0
56223.0,0,1,66,Yes,Postgraduate,1
18100.0,0,0,68,Yes,Graduate,1
30279.0,1,0,25,No,Graduate,2
20130.0,0,0,40,Yes,Undergraduate,0
23295.0,0,0,55,No,Graduate,2
42618.0,1,0,42,No,Postgraduate,2
81246.0,0,0,50,No,Graduate,3
24027.0,1,0,38,Yes,Graduate,0
55707.0,0,1,61,Yes,Postgraduate,1
57959.0,0,1,59,No,Graduate,1
56796.0,0,1,45,Yes,Graduate,3
36230.0,1,0,43,No,Postgraduate,2
70829.0,1,1,34,Yes,Undergraduate,3
65991.0,0,1,38,Yes,Graduate,3
38988.0,1,2,42,Yes,Graduate,0
89572.0,0,0,48,No,Undergraduate,3
42207.0,1,0,30,Yes,Postgraduate,0
50300.0,0,1,62,Yes,Graduate,1
66664.0,0,0,32,Yes,Undergraduate,3
60597.0,0,1,50,Yes,Graduate,1
70165.0,0,0,65,No,Graduate,1
50520.0,0,1,56,No,Postgraduate,1
80124.0,0,0,51,Yes,Graduate,1
33183.0,1,0,39,Yes,Graduate,0
66582.0,0,0,45,No,Postgraduate,3
75261.0,0,0,59,Yes,Postgraduate,1
31880.0,1,0,44,No,Graduate,2
53790.0,0,2,63,Yes,Graduate,1
49269.0,1,0,43,Yes,Postgraduate,0
61456.0,0,1,39,Yes,Graduate,3
37406.0,1,0,34,Yes,Graduate,0
56937.0,1,0,33,Yes,Postgraduate,3
38415.0,1,1,36,Yes,Graduate,0
20518.0,1,0,26,No,Graduate,2
62503.0,0,1,58,Yes,Graduate,1
41644.0,1,1,42,No,Postgraduate,2
55842.0,0,1,37,Yes,Postgraduate,3
62010.0,0,1,42,Yes,Postgraduate,3
41124.0,1,0,37,Yes,Graduate,0
38961.0,1,0,41,Yes,Postgraduate,0
37760.0,1,0,42,No,Postgraduate,2
32233.0,1,0,40,No,Graduate,2
43057.0,0,1,39,Yes,Graduate,0
83151.0,0,0,54,Yes,Postgraduate,1
78825.0,0,0,50,No,Postgraduate,1
65104.0,0,1,38,Yes,Postgraduate,3
60093.0,0,1,40,Yes,Graduate,3
14045.0,1,0,45,Yes,Graduate,0
28457.0,0,0,62,No,Undergraduate,2
78952.0,0,1,56,Yes,Postgraduate,1
46310.0,1,0,38,No,Graduate,2
76005.0,0,0,59,Yes,Graduate,1
58308.0,0,1,50,No,Postgraduate,1
55614.0,0,0,70,No,Postgraduate,1
59432.0,0,1,52,No,Postgraduate,1
55563.0,0,1,36,No,Graduate,2
78642.0,0,1,43,Yes,Postgraduate,3
67911.0,0,1,65,Yes,Postgraduate,1
65275.0,0,0,70,Yes,Graduate,1
27203.0,1,1,64,Yes,Graduate,1
48330.0,0,1,53,Yes,Postgraduate,1
24279.0,0,0,24,Yes,Undergraduate,0
64355.0,1,0,29,Yes,Postgraduate,3
50943.0,0,1,58,Yes,Postgraduate,1
53653.0,0,0,61,No,Graduate,1
65665.0,0,1,38,Yes,Graduate,3
81217.0,0,0,25,No,Graduate,3
34935.0,0,0,22,Yes,Graduate,0
61250.0,0,1,55,No,Graduate,1
39665.0,1,0,33,Yes,Postgraduate,0
60152.0,0,1,35,No,Graduate,3
48920.0,0,2,50,Yes,Graduate,1
89120.0,0,0,55,Yes,Postgraduate,1
44124.0,0,1,68,Yes,Postgraduate,1
81169.0,0,0,39,No,Postgraduate,3
36443.0,1,1,53,Yes,Graduate,0
26095.0,1,0,24,No,Graduate,2
71367.0,0,0,55,Yes,Graduate,1
80184.0,0,0,70,Yes,Postgraduate,1
30630.0,1,1,49,No,Graduate,2
73454.0,0,0,27,No,Postgraduate,3
42691.0,0,0,23,Yes,Graduate,0
70503.0,0,0,61,Yes,Graduate,1
25545.0,1,0,27,Yes,Graduate,0
32880.0,1,0,28,Yes,Graduate,0
77863.0,0,0,56,Yes,Postgraduate,1
50353.0,0,0,37,Yes,Postgraduate,0
61839.0,0,0,50,No,Graduate,1
49154.0,1,1,54,Yes,Postgraduate,1
47682.0,0,1,39,No,Undergraduate,2
72679.0,0,1,45,No,Graduate,3
57954.0,1,1,37,Yes,Postgraduate,3
65316.0,1,1,52,Yes,Graduate,1
28567.0,1,0,32,No,Graduate,2
47352.0,0,1,63,Yes,Postgraduate,1
44931.0,0,1,47,Yes,Graduate,0
76982.0,0,0,47,No,Graduate,3
57247.0,0,1,62,Yes,Undergraduate,1
22944.0,1,0,33,No,Postgraduate,2
25315.0,1,0,37,Yes,Undergraduate,0
43638.0,0,1,45,No,Graduate,2
42710.0,1,0,30,No,Postgraduate,2
84169.0,0,0,32,Yes,Postgraduate,3
54058.0,0,1,38,Yes,Graduate,0
24683.0,1,0,24,Yes,Undergraduate,0
85620.0,0,0,50,No,Graduate,3
47850.0,1,0,34,Yes,Graduate,0
19514.0,1,1,46,Yes,Graduate,0
27159.0,1,1,41,Yes,Postgraduate,0
39548.0,1,1,51,No,Undergraduate,2
21474.0,1,0,25,No,Graduate,2
60504.0,0,1,43,No,Postgraduate,3
22419.0,0,0,51,Yes,Graduate,0
81698.0,0,0,65,Yes,Postgraduate,1
43462.0,1,1,62,Yes,Graduate,1
54880.0,1,0,36,No,Postgraduate,2
79908.0,0,0,32,Yes,Graduate,3
15315.0,0,0,44,Yes,Undergraduate,0
87771.0,0,1,55,Yes,Graduate,1
33039.0,1,0,36,Yes,Graduate,0
81741.0,0,0,34,No,Graduate,3
71499.0,0,1,43,Yes,Postgraduate,3
62466.0,0,1,44,Yes,Undergraduate,3
48799.0,0,1,51,No,Postgraduate,2
52157.0,0,1,64,Yes,Postgraduate,1
66565.0,0,1,52,No,Graduate,1
29298.0,1,1,63,Yes,Postgraduate,1
47691.0,0,1,35,No,Graduate,2
38200.0,1,1,44,Yes,Graduate,0
44989.0,0,1,40,Yes,Graduate,0
38443.0,1,1,46,Yes,Postgraduate,0
38593.0,1,0,36,No,Undergraduate,2
64413.0,0,1,44,Yes,Postgraduate,3
36959.0,1,0,33,Yes,Postgraduate,0
61996.0,0,1,37,Yes,Postgraduate,3
51287.0,1,1,46,Yes,Graduate,0
13260.0,1,1,44,Yes,Graduate,0
47472.0,1,1,48,Yes,Postgraduate,1
54603.0,1,1,58,Yes,Postgraduate,1
45207.0,1,1,40,Yes,Postgraduate,0
40689.0,0,1,63,Yes,Graduate,1
47821.0,1,1,47,Yes,Undergraduate,0
27450.0,0,0,63,Yes,Postgraduate,1
39453.0,1,0,31,Yes,Graduate,0
26850.0,1,1,43,Yes,Undergraduate,0
79800.0,0,0,59,No,Graduate,1
61794.0,0,1,53,Yes,Postgraduate,1
53863.0,0,1,59,Yes,Graduate,1
24221.0,0,0,55,Yes,Graduate,0
39684.0,1,0,30,No,Postgraduate,2
92163.0,0,0,39,Yes,Postgraduate,3
69882.0,0,0,49,No,Postgraduate,1
33178.0,1,0,37,Yes,Graduate,0
59973.0,0,0,42,Yes,Postgraduate,3
17459.0,1,0,39,Yes,Postgraduate,0
23910.0,1,0,45,No,Graduate,2
42169.0,1,1,45,Yes,Postgraduate,0
26224.0,1,0,36,Yes,Undergraduate,0
31089.0,1,0,33,Yes,Graduate,0
30081.0,0,1,53,No,Graduate,2
62807.0,0,1,54,Yes,Graduate,1
72906.0,0,0,59,No,Graduate,1
61467.0,0,2,66,Yes,Postgraduate,1
49618.0,1,1,48,Yes,Postgraduate,1
21888.0,1,0,28,No,Postgraduate,2
42429.0,0,1,41,No,Graduate,2
26150.0,2,1,58,No,Graduate,2
30801.0,0,1,39,Yes,Undergraduate,0
81168.0,0,0,49,Yes,Graduate,3
26877.0,0,0,45,No,Postgraduate,2
45006.0,0,0,70,No,Postgraduate,1
18978.0,1,0,41,Yes,Undergraduate,0
22574.0,2,1,47,Yes,Graduate,0
48240.0,0,0,45,No,Postgraduate,2
45837.0,1,1,40,Yes,Graduate,0
35791.0,2,1,49,No,Postgraduate,2
118350.5,1,1,38,Yes,Postgraduate,3
54162.0,1,1,36,No,Graduate,2
30522.0,0,1,54,Yes,Postgraduate,0
54456.0,0,1,53,Yes,Postgraduate,1
31632.0,0,0,43,No,Graduate,2
72298.0,0,0,65,No,Graduate,1
36975.0,1,0,36,No,Undergraduate,2
72635.0,0,0,59,Yes,Undergraduate,1
13624.0,1,0,38,Yes,Graduate,0
84196.0,0,1,39,No,Graduate,3
70971.0,0,1,54,Yes,Graduate,1
34487.0,1,1,37,No,Postgraduate,2
28769.0,1,0,37,No,Graduate,2
69084.0,1,0,44,Yes,Postgraduate,3
65488.0,0,0,56,Yes,Postgraduate,1
62466.0,0,1,44,Yes,Undergraduate,3
32218.0,0,0,54,No,Undergraduate,2
83917.0,0,0,41,No,Graduate,3
46102.0,2,1,52,No,Graduate,2
84574.0,0,0,62,No,Graduate,1
56181.0,0,1,52,Yes,Graduate,1
63120.0,0,1,64,No,Postgraduate,1
73691.0,0,1,43,Yes,Graduate,3
63381.0,0,1,54,Yes,Graduate,1
76140.0,0,0,66,Yes,Postgraduate,1
62859.0,0,1,55,No,Postgraduate,1
45906.0,0,1,50,No,Graduate,2
77632.0,0,0,67,Yes,Postgraduate,1
46463.0,1,1,43,Yes,Postgraduate,0
105471.0,0,0,44,Yes,Graduate,3
55282.0,1,0,44,No,Postgraduate,2
78710.0,0,1,37,Yes,Postgraduate,3
66886.0,0,1,56,Yes,Graduate,1
98777.0,0,0,54,No,Postgraduate,1
29103.0,1,0,29,Yes,Graduate,0
67445.0,0,1,40,Yes,Graduate,3
50616.0,0,1,64,Yes,Postgraduate,1
49431.0,0,1,59,No,Graduate,1
118350.5,0,0,39,No,Graduate,3
61278.0,0,1,61,Yes,Graduate,1
26490.0,0,0,56,Yes,Undergraduate,0
73059.0,0,1,67,Yes,Postgraduate,1
46734.0,1,2,48,No,Postgraduate,2
56253.0,0,1,51,Yes,Graduate,1
19986.0,1,0,29,Yes,Graduate,0
58330.0,0,1,39,No,Graduate,2
25965.0,0,0,34,Yes,Undergraduate,0
14661.0,0,0,58,Yes,Postgraduate,0
18690.0,0,0,55,Yes,Graduate,0
45068.0,0,1,40,Yes,Postgraduate,0
21063.0,1,0,27,No,Undergraduate,2
29187.0,1,0,46,Yes,Postgraduate,0
54690.0,1,1,43,Yes,Undergraduate,0
59304.0,0,1,50,Yes,Postgraduate,1
59247.0,0,2,52,No,Postgraduate,1
66731.0,0,1,44,No,Graduate,3
77353.0,0,1,34,Yes,Graduate,3
52614.0,0,1,39,No,Postgraduate,2
26751.0,2,0,40,Yes,Graduate,0
81300.0,0,1,51,Yes,Postgraduate,1
70337.0,0,0,35,No,Graduate,3
36145.0,1,0,29,Yes,Undergraduate,0
65295.0,0,0,34,No,Postgraduate,3
68118.0,0,1,51,No,Graduate,1
68743.0,0,0,47,No,Graduate,3
41039.0,0,0,32,Yes,Undergraduate,0
38946.0,0,1,59,Yes,Graduate,1
65777.0,0,0,47,Yes,Graduate,3
66476.0,0,1,38,No,Postgraduate,3
86857.0,0,0,42,No,Postgraduate,3
118350.5,0,0,32,Yes,Postgraduate,3
77845.0,0,0,25,Yes,Postgraduate,3
69476.0,0,0,45,Yes,Postgraduate,3
50611.0,0,1,54,No,Postgraduate,1
61209.0,0,0,44,No,Graduate,2
42315.0,0,1,56,Yes,Postgraduate,1
13084.0,0,0,62,Yes,Undergraduate,0
47570.0,1,1,65,No,Postgraduate,1
61923.0,0,2,53,Yes,Postgraduate,1
34824.0,0,0,19,No,Graduate,2
26518.0,1,1,65,No,Postgraduate,1
45938.0,0,0,53,No,Graduate,2
78468.0,0,0,54,Yes,Graduate,1
78901.0,0,1,41,No,Graduate,3
71427.0,2,0,36,Yes,Graduate,3
71022.0,0,1,36,No,Graduate,3
90247.0,0,0,26,No,Postgraduate,3
41335.0,1,0,46,No,Postgraduate,2
71952.0,1,0,28,Yes,Graduate,3
35682.0,1,0,44,No,Postgraduate,2
43185.0,0,1,63,No,Graduate,1
66375.0,0,1,66,Yes,Postgraduate,1
35178.0,1,0,43,Yes,Postgraduate,0
25252.0,1,0,28,Yes,Graduate,0
55250.0,0,1,49,No,Postgraduate,1
33249.0,1,0,39,No,Graduate,2
58398.0,0,0,61,Yes,Graduate,1
50272.0,1,0,32,Yes,Graduate,0
76618.0,0,0,39,Yes,Postgraduate,3
87305.0,0,0,54,No,Undergraduate,1
25851.0,1,0,36,Yes,Graduate,0
58710.0,0,1,44,No,Graduate,2
45160.0,1,1,56,No,Graduate,1
74806.0,0,1,49,Yes,Postgraduate,1
59111.0,0,0,60,Yes,Graduate,1
18988.0,1,0,30,Yes,Postgraduate,0
72190.0,0,0,49,Yes,Graduate,3
7500.0,1,0,38,Yes,Graduate,0
44794.0,0,1,48,Yes,Graduate,0
80395.0,0,0,59,Yes,Graduate,1
75012.0,0,0,38,No,Postgraduate,3
56962.0,2,1,49,Yes,Postgraduate,1
89891.0,0,0,23,Yes,Graduate,3
35946.0,1,1,65,No,Postgraduate,1
53593.0,1,1,61,Yes,Postgraduate,1
66373.0,1,1,36,Yes,Graduate,3
45072.0,1,2,66,No,Postgraduate,1
89694.0,1,1,41,No,Graduate,3
72025.0,0,0,65,Yes,Graduate,1
67432.0,0,1,41,Yes,Graduate,3
70545.0,0,1,62,Yes,Postgraduate,1
17487.0,1,0,25,Yes,Undergraduate,0
62882.0,0,1,45,Yes,Graduate,3
64108.0,0,1,61,No,Postgraduate,1
34941.0,1,1,58,Yes,Postgraduate,1
48767.0,1,2,64,No,Postgraduate,1
38702.0,1,0,36,Yes,Undergraduate,0
82224.0,0,0,50,Yes,Graduate,3
83844.0,0,0,62,Yes,Graduate,1
17003.0,1,0,39,Yes,Undergraduate,0
71163.0,0,0,19,No,Graduate,3
33697.0,1,0,44,No,Graduate,2
63564.0,0,0,60,Yes,Undergraduate,1
83443.0,0,0,42,Yes,Postgraduate,3
51518.0,0,1,56,Yes,Postgraduate,1
58330.0,0,1,39,No,Graduate,2
80952.0,0,0,45,Yes,Graduate,3
75507.0,0,0,35,Yes,Graduate,3
63855.0,0,0,36,Yes,Undergraduate,3
62220.0,0,1,42,Yes,Postgraduate,3
58512.0,0,1,50,Yes,Graduate,1
40662.0,1,0,35,Yes,Postgraduate,0
38829.0,0,1,55,Yes,Postgraduate,1
35523.0,1,0,33,Yes,Undergraduate,0
79146.0,1,1,47,No,Graduate,3
78285.0,0,0,26,Yes,Postgraduate,3
31626.0,1,0,36,No,Postgraduate,2
75127.0,0,0,62,No,Graduate,1
48726.0,0,1,59,Yes,Graduate,1
74985.0,0,0,37,Yes,Graduate,3
67430.0,0,0,27,Yes,Graduate,3
46891.0,0,1,49,Yes,Undergraduate,0
62058.0,0,1,58,Yes,Postgraduate,1
72063.0,0,1,35,Yes,Graduate,3
78939.0,0,0,63,Yes,Postgraduate,1
42720.0,1,1,49,No,Graduate,2
33622.0,1,1,42,Yes,Graduate,0
6835.0,0,1,57,Yes,Postgraduate,0
41452.0,1,1,61,Yes,Graduate,1
40760.0,0,1,49,No,Postgraduate,2
74250.0,0,0,56,Yes,Postgraduate,1
51124.0,1,1,59,No,Postgraduate,1
72258.0,0,1,43,No,Graduate,3
71466.0,0,0,40,No,Postgraduate,3
36283.0,1,1,38,Yes,Graduate,0
20587.0,1,0,44,No,Graduate,2
30467.0,1,0,42,Yes,Graduate,0
31590.0,1,0,42,Yes,Graduate,0
20425.0,1,0,28,Yes,Undergraduate,0
17144.0,1,1,54,Yes,Postgraduate,0
42564.0,0,1,46,No,Postgraduate,2
43783.0,1,0,36,Yes,Postgraduate,0
40780.0,0,1,38,No,Graduate,2
62847.0,0,0,69,Yes,Postgraduate,1
82017.0,0,0,57,Yes,Postgraduate,1
16813.0,0,0,64,No,Graduate,2
51267.0,1,1,36,Yes,Graduate,0
46524.0,0,1,53,No,Graduate,2
45183.0,0,0,52,No,Postgraduate,2
70421.0,0,1,60,Yes,Postgraduate,1
60161.0,0,1,49,No,Undergraduate,2
73926.0,0,0,41,Yes,Graduate,3
19329.0,1,0,46,Yes,Graduate,0
61872.0,0,1,44,Yes,Postgraduate,3
46984.0,1,1,58,No,Graduate,1
34838.0,1,1,63,Yes,Graduate,1
82716.0,0,0,70,No,Postgraduate,1
48192.0,0,0,56,Yes,Graduate,1
49681.0,0,2,38,Yes,Postgraduate,0
56850.0,0,1,43,Yes,Postgraduate,3
55267.0,0,1,57,Yes,Graduate,1
59666.0,1,1,42,Yes,Graduate,3
72504.0,0,1,42,No,Graduate,3
26872.0,0,0,33,Yes,Graduate,0
21359.0,1,0,42,No,Graduate,2
73170.0,0,0,39,No,Graduate,3
52750.0,0,1,59,Yes,Postgraduate,1
91820.0,0,0,28,Yes,Postgraduate,3
65968.0,0,1,44,Yes,Postgraduate,3
30772.0,1,1,38,Yes,Graduate,0
22507.0,0,0,60,No,Graduate,2
65685.0,0,1,42,Yes,Graduate,3
25804.0,1,0,36,Yes,Undergraduate,0
76412.0,0,0,34,No,Postgraduate,3
22063.0,1,0,42,Yes,Graduate,0
57091.0,0,0,53,No,Graduate,1
22419.0,0,0,51,Yes,Graduate,0
87771.0,0,1,55,Yes,Graduate,1
78353.0,0,1,55,No,Undergraduate,1
93404.0,1,2,60,Yes,Graduate,1
37859.0,1,2,52,No,Graduate,2
80995.0,0,1,56,No,Postgraduate,1
16529.0,1,0,30,Yes,Graduate,0
55412.0,1,1,38,No,Postgraduate,2
48789.0,0,0,22,No,Graduate,2
56575.0,0,2,47,Yes,Postgraduate,1
25130.0,1,0,34,Yes,Undergraduate,0
35441.0,1,1,47,Yes,Graduate,0
71391.0,0,1,58,Yes,Graduate,1
49494.0,1,0,42,No,Postgraduate,2
81702.0,0,0,34,No,Graduate,3
45889.0,0,1,34,No,Undergraduate,2
56628.0,0,1,37,No,Graduate,2
34026.0,1,1,64,Yes,Graduate,1
40049.0,0,1,40,Yes,Graduate,0
34176.0,1,0,26,No,Graduate,2
19419.0,1,0,33,Yes,Graduate,0
82504.0,0,0,54,Yes,Undergraduate,1
81205.0,0,0,44,Yes,Graduate,3
61618.0,0,0,23,No,Undergraduate,3
55284.0,0,1,58,No,Postgraduate,1
49980.0,0,1,51,No,Graduate,2
15072.0,2,0,34,Yes,Graduate,0
49166.0,0,1,40,No,Graduate,2
65324.0,0,1,60,Yes,Postgraduate,1
82347.0,0,0,57,Yes,Undergraduate,1
30843.0,1,1,48,Yes,Postgraduate,0
46374.0,0,1,40,Yes,Postgraduate,0
60474.0,0,1,35,No,Graduate,3
38576.0,0,1,41,Yes,Postgraduate,0
55357.0,2,0,29,Yes,Graduate,3
37758.0,1,1,48,Yes,Graduate,0
85710.0,0,0,25,Yes,Undergraduate,3
23228.0,1,0,45,Yes,Graduate,0
44602.0,1,1,45,Yes,Postgraduate,0
7500.0,0,0,27,Yes,Graduate,0
38683.0,1,0,25,Yes,Undergraduate,0
49514.0,1,0,39,No,Undergraduate,2
57906.0,0,1,41,Yes,Postgraduate,3
43456.0,0,1,48,No,Postgraduate,2
19485.0,2,0,28,No,Postgraduate,2
53172.0,0,1,36,Yes,Graduate,0
30545.0,1,0,35,Yes,Graduate,0
70123.0,0,0,31,Yes,Postgraduate,3
62450.0,0,1,55,No,Graduate,1
21675.0,1,0,38,Yes,Graduate,0
42395.0,1,1,33,No,Undergraduate,2
61346.0,1,0,36,Yes,Postgraduate,3
80812.0,0,0,61,Yes,Graduate,1
42835.0,1,1,43,No,Postgraduate,2
39922.0,1,0,31,Yes,Graduate,0
86424.0,0,0,58,No,Postgraduate,1
17117.0,1,0,36,Yes,Undergraduate,0
24762.0,1,0,42,No,Graduate,2
35797.0,0,1,39,Yes,Graduate,0
36627.0,2,0,39,No,Graduate,2
51111.0,1,1,33,Yes,Undergraduate,0
86857.0,0,0,42,No,Postgraduate,3
82072.0,0,0,44,Yes,Postgraduate,3
46231.0,2,1,61,No,Postgraduate,1
42243.0,1,1,55,Yes,Graduate,1
51195.0,1,1,52,Yes,Graduate,1
68092.0,0,0,36,No,Postgraduate,3
31814.0,1,0,41,Yes,Graduate,0
51390.0,1,1,49,No,Postgraduate,2
76630.0,0,0,31,Yes,Graduate,3
26868.0,1,0,23,No,Undergraduate,2
48948.0,0,0,71,No,Postgraduate,1
55260.0,0,1,42,No,Postgraduate,2
64090.0,0,1,58,Yes,Graduate,1
78331.0,0,1,56,No,Graduate,1
37087.0,1,0,40,Yes,Postgraduate,0
21846.0,1,0,28,No,Graduate,2
81320.0,0,0,56,Yes,Graduate,1
54137.0,0,1,44,No,Graduate,2
66825.0,0,0,47,Yes,Graduate,3
57100.0,0,0,41,Yes,Graduate,3
58917.0,1,2,45,Yes,Graduate,3
85072.0,0,0,37,No,Graduate,3
86429.0,0,0,53,No,Graduate,1
45684.0,1,0,43,No,Graduate,2
47889.0,1,0,40,Yes,Graduate,0
45921.0,0,0,28,Yes,Postgraduate,0
78420.0,0,0,48,No,Postgraduate,3
75114.0,0,0,22,Yes,Graduate,3
52278.0,0,1,51,No,Postgraduate,1
35641.0,1,0,42,Yes,Postgraduate,0
95529.0,0,0,20,No,Graduate,3
62820.0,0,0,60,Yes,Graduate,1
73113.0,0,0,54,Yes,Postgraduate,1
84169.0,0,0,32,Yes,Postgraduate,3
42607.0,0,1,60,No,Undergraduate,1
74637.0,0,0,60,No,Postgraduate,1
46015.0,1,1,59,Yes,Postgraduate,1
72354.0,0,0,21,No,Graduate,3
39858.0,1,0,45,No,Postgraduate,2
34469.0,1,1,66,Yes,Postgraduate,1
83033.0,1,0,28,Yes,Graduate,3
24401.0,0,0,35,Yes,Postgraduate,0
77583.0,0,0,36,Yes,Graduate,3
74116.0,0,0,32,No,Undergraduate,3
74293.0,0,0,21,No,Graduate,3
68397.0,0,1,38,Yes,Postgraduate,3
79632.0,0,0,40,Yes,Postgraduate,3
46107.0,1,0,25,No,Graduate,2
64950.0,0,1,63,No,Postgraduate,1
25443.0,1,0,25,Yes,Undergraduate,0
75127.0,0,0,62,No,Graduate,1
32892.0,1,0,43,Yes,Postgraduate,0
71796.0,0,0,43,Yes,Graduate,3
67536.0,0,1,44,Yes,Postgraduate,3
55239.0,0,1,43,No,Graduate,2
60554.0,1,0,39,No,Postgraduate,3
64831.0,1,1,62,No,Undergraduate,1
56067.0,0,1,52,Yes,Postgraduate,1
82025.0,0,0,31,No,Graduate,3
94384.0,0,0,61,Yes,Graduate,1
14906.0,0,0,28,No,Undergraduate,2
51563.0,0,0,27,Yes,Postgraduate,3
57937.0,0,1,32,Yes,Undergraduate,3
68274.0,1,1,35,No,Graduate,3
39771.0,1,0,37,Yes,Graduate,0
67893.0,0,1,39,No,Undergraduate,3
27922.0,1,0,35,Yes,Postgraduate,0
52190.0,1,1,38,Yes,Postgraduate,0
44051.0,1,1,41,No,Postgraduate,2
42767.0,2,0,43,No,Postgraduate,2
46106.0,1,1,38,Yes,Postgraduate,0
16927.0,1,1,38,Yes,Postgraduate,0
59754.0,0,1,49,Yes,Graduate,1
53700.0,0,1,62,No,Graduate,1
59041.0,1,1,41,Yes,Graduate,3
54237.0,0,1,57,No,Postgraduate,1
70647.0,0,1,47,No,Graduate,3
52597.0,0,1,52,No,Postgraduate,1
41021.0,1,0,45,Yes,Postgraduate,0
40233.0,0,1,39,Yes,Postgraduate,0
50183.0,1,1,34,Yes,Graduate,0
54753.0,0,1,55,Yes,Graduate,1
92955.0,0,0,41,Yes,Graduate,3
33471.0,1,0,41,Yes,Graduate,0
34596.0,1,0,40,Yes,Postgraduate,0
44010.0,1,0,34,Yes,Graduate,0
84219.0,0,0,26,Yes,Graduate,3
40706.0,2,1,46,Yes,Postgraduate,0
15716.0,1,0,26,Yes,Undergraduate,0
59052.0,0,1,55,No,Undergraduate,1
80573.0,0,0,43,Yes,Postgraduate,3
83715.0,0,0,52,Yes,Graduate,1
82576.0,0,0,55,Yes,Postgraduate,1
56962.0,2,1,49,Yes,Postgraduate,1
35704.0,1,1,62,Yes,Graduate,1
53103.0,0,1,60,Yes,Graduate,1
46779.0,1,1,54,No,Undergraduate,2
4861.0,0,0,49,No,Graduate,2
33462.0,1,0,35,No,Postgraduate,2
63693.0,0,1,36,No,Graduate,3
80763.0,0,0,64,Yes,Graduate,1
65352.0,0,1,40,Yes,Postgraduate,3
82170.0,0,0,36,Yes,Postgraduate,3
75759.0,0,0,45,Yes,Graduate,3
79689.0,0,0,38,No,Undergraduate,3
35340.0,1,1,58,No,Postgraduate,1
85683.0,0,0,60,No,Graduate,1
24884.0,1,0,42,Yes,Undergraduate,0
42021.0,1,0,33,Yes,Postgraduate,0
64449.0,1,0,25,No,Graduate,3
64587.0,1,1,60,No,Graduate,1
34824.0,0,0,19,No,Graduate,2
75437.0,0,0,36,Yes,Graduate,3
26091.0,1,1,57,Yes,Graduate,0
52845.0,1,0,41,Yes,Graduate,0
46086.0,0,1,58,No,Graduate,1
78028.0,0,1,58,No,Postgraduate,1
95169.0,0,0,27,No,Postgraduate,3
56337.0,1,1,33,Yes,Undergraduate,3
22434.0,1,0,27,Yes,Graduate,0
36930.0,0,1,60,Yes,Postgraduate,1
36130.0,0,1,60,No,Graduate,1
65569.0,0,1,61,Yes,Postgraduate,1
83844.0,0,0,62,Yes,Graduate,1
19514.0,1,1,46,Yes,Graduate,0
36736.0,1,1,51,No,Postgraduate,2
77568.0,0,1,35,Yes,Graduate,3
49187.0,0,1,38,Yes,Postgraduate,0
30168.0,1,0,36,No,Graduate,2
34053.0,0,1,46,Yes,Postgraduate,0
38196.0,1,1,43,Yes,Postgraduate,0
59412.0,0,0,63,Yes,Postgraduate,1
70924.0,0,0,49,Yes,Undergraduate,3
54165.0,0,0,45,Yes,Graduate,0
32300.0,1,0,41,Yes,Graduate,0
20180.0,0,0,38,No,Graduate,2
34961.0,1,0,41,Yes,Graduate,0
28440.0,1,0,40,Yes,Postgraduate,0
64504.0,1,2,61,Yes,Postgraduate,1
33564.0,0,1,48,Yes,Postgraduate,0
17345.0,1,0,36,Yes,Graduate,0
56320.0,0,1,47,Yes,Postgraduate,1
28647.0,1,0,36,No,Graduate,2
15038.0,1,0,27,No,Undergraduate,2
32173.0,0,1,56,No,Postgraduate,2
68316.0,0,1,50,Yes,Undergraduate,1
74538.0,0,0,43,Yes,Graduate,3
91700.0,0,0,43,No,Graduate,3
68695.0,0,0,45,Yes,Graduate,3
31056.0,1,0,37,Yes,Undergraduate,0
79593.0,0,0,41,Yes,Graduate,3
28071.0,0,0,34,No,Graduate,2
37334.0,1,1,56,Yes,Postgraduate,1
46423.0,1,1,42,No,Postgraduate,2
37126.0,1,0,43,Yes,Postgraduate,0
47703.0,0,1,61,Yes,Graduate,1
61180.0,0,1,55,Yes,Graduate,1
38998.0,1,1,60,Yes,Graduate,1
8028.0,0,0,23,No,Graduate,2
76081.0,0,0,52,Yes,Graduate,1
34728.0,1,0,28,Yes,Graduate,0
33168.0,0,1,49,No,Postgraduate,2
33585.0,0,1,48,Yes,Postgraduate,0
77037.0,0,1,54,Yes,Postgraduate,1
35196.0,1,0,30,Yes,Graduate,0
44529.0,0,1,48,Yes,Graduate,0
70924.0,0,0,49,Yes,Undergraduate,3
28764.0,1,1,48,Yes,Postgraduate,0
69098.0,0,0,65,Yes,Postgraduate,1
25959.0,1,1,44,No,Undergraduate,2
27100.0,1,0,31,Yes,Postgraduate,0
70596.0,0,0,29,No,Graduate,3
42557.0,0,1,40,Yes,Graduate,0
53312.0,0,0,63,Yes,Postgraduate,1
72228.0,0,0,62,No,Graduate,1
67605.0,0,0,27,Yes,Graduate,3
62845.0,1,1,65,Yes,Postgraduate,1
65196.0,0,2,56,Yes,Graduate,1
42000.0,0,0,27,No,Postgraduate,2
35860.0,1,1,41,No,Postgraduate,2
65526.0,0,1,50,Yes,Postgraduate,1
16860.0,1,1,53,Yes,Graduate,0
83528.0,0,0,22,No,Graduate,3
64176.0,0,1,49,No,Undergraduate,1
22304.0,0,0,58,No,Graduate,2
67023.0,0,0,36,Yes,Graduate,3
32892.0,1,0,43,Yes,Postgraduate,0
70713.0,0,1,48,Yes,Graduate,3
59925.0,0,1,59,Yes,Graduate,1
39722.0,0,1,61,Yes,Graduate,1
46610.0,0,0,56,Yes,Graduate,1
88347.0,0,0,53,Yes,Graduate,1
87171.0,0,0,33,Yes,Postgraduate,3
26907.0,1,1,38,Yes,Undergraduate,0
50014.0,1,0,46,No,Postgraduate,2
41014.0,1,0,36,Yes,Postgraduate,0
66294.0,0,0,49,No,Graduate,1
36715.0,1,0,43,Yes,Graduate,0
79456.0,0,0,58,Yes,Graduate,1
40479.0,1,0,32,Yes,Graduate,0
75345.0,0,0,44,No,Postgraduate,3
54233.0,0,1,37,Yes,Graduate,3
24163.0,1,1,44,No,Graduate,2
84460.0,0,0,56,Yes,Postgraduate,1
43776.0,1,0,31,Yes,Graduate,0
71691.0,0,0,56,No,Postgraduate,1
85844.0,0,0,41,Yes,Postgraduate,3
39190.0,1,0,40,No,Postgraduate,2
71367.0,0,0,55,Yes,Graduate,1
38578.0,1,1,42,No,Postgraduate,2
57236.0,1,1,49,Yes,Postgraduate,1
61825.0,0,1,35,No,Graduate,3
79803.0,0,1,56,No,Graduate,1
80910.0,0,0,28,No,Undergraduate,3
27590.0,1,0,32,Yes,Postgraduate,0
56775.0,0,1,35,Yes,Graduate,3
83829.0,0,0,39,No,Graduate,3
54210.0,0,1,35,Yes,Undergraduate,0
38508.0,1,0,28,Yes,Graduate,0
53187.0,1,0,44,Yes,Graduate,0
30023.0,1,0,42,Yes,Graduate,0
76045.0,0,0,54,No,Postgraduate,1
50870.0,0,1,62,Yes,Postgraduate,1
15315.0,0,0,44,Yes,Undergraduate,0
65463.0,1,0,40,Yes,Undergraduate,3
66480.0,1,1,49,Yes,Graduate,1
76773.0,0,0,60,No,Graduate,1
81698.0,0,0,31,No,Undergraduate,3
54466.0,1,1,41,No,Postgraduate,2
98777.0,0,0,54,No,Postgraduate,1
16269.0,1,0,30,No,Postgraduate,2
71819.0,0,1,43,Yes,Graduate,3
33569.0,1,0,31,Yes,Postgraduate,0
36262.0,0,0,31,Yes,Postgraduate,0
22634.0,0,0,48,Yes,Undergraduate,0
47025.0,0,1,36,Yes,Undergraduate,0
70566.0,0,1,46,No,Graduate,3
31605.0,1,0,35,Yes,Postgraduate,0
52034.0,1,1,41,No,Postgraduate,2
48526.0,1,0,35,No,Graduate,2
46734.0,0,1,60,Yes,Graduate,1
39552.0,1,1,52,No,Graduate,2
86358.0,1,1,48,No,Graduate,3
46931.0,2,1,37,Yes,Graduate,0
16581.0,0,0,29,No,Undergraduate,2
63998.0,0,0,62,No,Undergraduate,1
67381.0,0,1,63,Yes,Postgraduate,1
25930.0,1,1,47,No,Graduate,2
42693.0,1,0,36,Yes,Graduate,0
85606.0,0,1,38,Yes,Graduate,3
72903.0,0,0,29,No,Graduate,3
49669.0,1,0,40,Yes,Undergraduate,0
36778.0,1,1,46,Yes,Postgraduate,0
85696.0,0,0,52,No,Postgraduate,1
10979.0,0,0,25,No,Postgraduate,2
49678.0,0,1,53,Yes,Graduate,1
56129.0,0,1,61,Yes,Postgraduate,1
37155.0,1,0,25,Yes,Graduate,0
21282.0,1,0,36,No,Undergraduate,2
33419.0,0,1,52,No,Postgraduate,2
63285.0,0,0,69,No,Graduate,1
21255.0,1,0,40,Yes,Postgraduate,0
42162.0,1,0,33,Yes,Graduate,0
54450.0,1,1,58,Yes,Graduate,1
57744.0,0,1,60,Yes,Postgraduate,1
26576.0,1,0,28,No,Graduate,2
57513.0,0,0,71,No,Postgraduate,1
68142.0,0,1,50,Yes,Graduate,1
7500.0,0,1,35,Yes,Graduate,0
83145.0,0,0,40,Yes,Graduate,3
54197.0,0,1,54,Yes,Postgraduate,1
23091.0,1,1,51,No,Postgraduate,2
46049.0,1,1,38,Yes,Graduate,0
56715.0,0,0,40,Yes,Graduate,3
79410.0,0,0,53,Yes,Graduate,1
57304.0,0,1,63,Yes,Graduate,1
44375.0,0,1,49,Yes,Graduate,0
54450.0,1,1,58,Yes,Graduate,1
59594.0,0,1,49,Yes,Graduate,1
80685.0,0,0,20,Yes,Graduate,3
40344.0,0,1,40,Yes,Postgraduate,0
62710.0,0,1,42,Yes,Graduate,3
48985.0,0,1,46,Yes,Undergraduate,0
35322.0,1,2,46,Yes,Graduate,0
77142.0,0,0,66,Yes,Graduate,1
81657.0,0,0,45,No,Graduate,3
14421.0,0,0,18,Yes,Undergraduate,0
20130.0,0,0,40,Yes,Undergraduate,0
74214.0,0,0,24,Yes,Postgraduate,3
66726.0,1,1,57,Yes,Postgraduate,1
23724.0,1,0,35,Yes,Undergraduate,0
47353.0,0,1,54,Yes,Postgraduate,1
33444.0,1,1,62,Yes,Postgraduate,1
54386.0,0,1,33,Yes,Graduate,3
28510.0,1,1,33,No,Graduate,2
90638.0,0,0,23,No,Postgraduate,3
48070.0,0,1,64,Yes,Graduate,1
43140.0,0,1,57,Yes,Graduate,1
54959.0,0,1,53,No,Postgraduate,1
15056.0,1,1,56,No,Undergraduate,2
26954.0,1,0,43,No,Graduate,2
22327.0,1,0,29,No,Graduate,2
44393.0,1,1,49,Yes,Graduate,0
62000.0,0,1,62,No,Postgraduate,1
31497.0,0,1,52,Yes,Postgraduate,0
45894.0,0,2,40,Yes,Undergraduate,0
78579.0,0,0,44,No,Postgraduate,3
67369.0,0,1,45,No,Postgraduate,3
58401.0,0,1,54,No,Graduate,1
62307.0,0,1,62,No,Graduate,1
43641.0,1,1,45,Yes,Postgraduate,0
63841.0,0,1,46,No,Postgraduate,3
46891.0,0,1,49,Yes,Undergraduate,0
70091.0,1,0,45,Yes,Postgraduate,3
78075.0,0,0,42,Yes,Postgraduate,3
59184.0,0,1,53,No,Undergraduate,1
54809.0,1,1,37,Yes,Graduate,3
58113.0,0,1,55,Yes,Graduate,1
51412.0,0,1,56,Yes,Postgraduate,1
15287.0,1,0,35,No,Graduate,2
66636.0,0,0,57,Yes,Postgraduate,1
50965.0,0,1,58,Yes,Postgraduate,1
84618.0,0,0,49,Yes,Postgraduate,3
18351.0,0,0,24,Yes,Graduate,0
40451.0,0,2,57,Yes,Postgraduate,1
36317.0,0,1,49,Yes,Graduate,0
42213.0,0,1,57,Yes,Graduate,1
65748.0,0,1,59,Yes,Graduate,1
77044.0,0,1,42,Yes,Graduate,3
74918.0,0,0,45,Yes,Graduate,3
56721.0,1,1,42,Yes,Graduate,3
42160.0,1,1,39,No,Graduate,2
61559.0,0,1,49,No,Graduate,1
33629.0,1,1,51,Yes,Postgraduate,0
68682.0,0,0,23,Yes,Postgraduate,3
34377.0,0,1,51,No,Graduate,2
8940.0,1,0,28,No,Undergraduate,2
26228.0,1,0,41,Yes,Graduate,0
77297.0,0,0,57,No,Undergraduate,1
40211.0,1,1,33,Yes,Graduate,0
33438.0,1,1,56,No,Postgraduate,2
75032.0,0,1,55,Yes,Postgraduate,1
61284.0,0,0,59,No,Postgraduate,1
22518.0,1,0,28,Yes,Graduate,0
54730.0,0,1,39,Yes,Postgraduate,3
38452.0,1,1,59,Yes,Postgraduate,1
44421.0,1,1,43,No,Graduate,2
38197.0,1,0,28,Yes,Postgraduate,0
41986.0,0,1,36,No,Graduate,2
28427.0,1,0,31,Yes,Graduate,0
37395.0,1,0,38,Yes,Postgraduate,0
64722.0,1,0,43,Yes,Graduate,3
55249.0,0,1,58,Yes,Postgraduate,1
84906.0,0,0,42,Yes,Graduate,3
28691.0,1,0,25,Yes,Graduate,0
44213.0,1,1,62,No,Graduate,1
25707.0,1,0,30,No,Undergraduate,2
59062.0,2,1,47,Yes,Postgraduate,1
76624.0,0,1,52,No,Graduate,1
66000.0,0,0,67,Yes,Postgraduate,1
27683.0,1,0,36,Yes,Postgraduate,0
1730.0,0,0,43,No,Graduate,2
7500.0,1,0,22,No,Undergraduate,2
40521.0,1,1,46,Yes,Graduate,0
20427.0,1,0,41,Yes,Postgraduate,0
65106.0,0,1,39,Yes,Graduate,3
69969.0,0,0,49,Yes,Postgraduate,1
67433.0,0,2,62,Yes,Graduate,1
77766.0,0,1,47,Yes,Postgraduate,3
74716.0,0,1,42,Yes,Graduate,3
68118.0,0,1,51,No,Graduate,1
55158.0,1,1,44,Yes,Postgraduate,3
62972.0,0,1,59,Yes,Undergraduate,1
74190.0,0,1,39,Yes,Graduate,3
39356.0,1,1,38,Yes,Graduate,0
76653.0,0,0,45,Yes,Graduate,3
35860.0,1,1,41,No,Postgraduate,2
90687.0,0,0,31,No,Postgraduate,3
73450.0,0,0,32,Yes,Postgraduate,3
31454.0,1,1,54,Yes,Graduate,0
47139.0,1,1,62,No,Graduate,1
83829.0,0,0,39,No,Graduate,3
53378.0,1,1,51,Yes,Postgraduate,1
19656.0,1,0,44,Yes,Graduate,0
45579.0,0,1,66,Yes,Postgraduate,1
85485.0,0,0,56,No,Undergraduate,1
55956.0,0,0,70,Yes,Graduate,1
64191.0,0,1,51,No,Postgraduate,1
38808.0,1,0,42,No,Graduate,2
57183.0,1,1,48,Yes,Postgraduate,1
23748.0,1,0,46,No,Postgraduate,2
66303.0,0,1,43,Yes,Graduate,3
37368.0,1,0,39,Yes,Postgraduate,0
40800.0,1,2,50,Yes,Graduate,0
71847.0,0,0,36,No,Graduate,3
46149.0,0,1,39,Yes,Graduate,0
78687.0,0,0,31,Yes,Graduate,3
49118.0,0,0,43,No,Undergraduate,2
37633.0,1,1,57,Yes,Postgraduate,1
39767.0,0,0,63,Yes,Postgraduate,1
26997.0,0,0,63,Yes,Undergraduate,1
33986.0,1,0,44,No,Graduate,2
57091.0,0,1,42,Yes,Postgraduate,3
46831.0,1,1,45,Yes,Undergraduate,0
83151.0,0,0,42,Yes,Postgraduate,3
52531.0,0,0,43,Yes,Graduate,0
15759.0,0,0,58,Yes,Graduate,0
22804.0,1,0,43,No,Graduate,2
43050.0,1,0,41,Yes,Undergraduate,0
42997.0,1,1,37,No,Postgraduate,2
48918.0,1,1,51,No,Postgraduate,2
60033.0,0,1,60,Yes,Postgraduate,1
34043.0,1,0,36,Yes,Postgraduate,0
57811.0,0,1,48,Yes,Graduate,1
78569.0,0,0,68,Yes,Graduate,1
7500.0,1,1,36,No,Graduate,2
118350.5,1,0,43,Yes,Postgraduate,3
94384.0,0,0,61,Yes,Graduate,1
23148.0,0,0,29,Yes,Undergraduate,0
44267.0,1,1,44,No,Graduate,2
71626.0,0,0,35,Yes,Graduate,3
60894.0,0,1,48,Yes,Graduate,1
50200.0,1,1,38,Yes,Graduate,0
81051.0,0,0,49,Yes,Postgraduate,3
65169.0,0,0,32,Yes,Graduate,3
59868.0,0,1,42,Yes,Graduate,3
65695.0,0,1,54,Yes,Postgraduate,1
64857.0,0,0,58,No,Postgraduate,1
45143.0,0,1,49,Yes,Postgraduate,1
74805.0,0,1,59,Yes,Undergraduate,1
59060.0,1,0,25,Yes,Undergraduate,3
27238.0,1,1,52,No,Postgraduate,2
47009.0,0,1,49,Yes,Graduate,0
46094.0,1,1,41,Yes,Undergraduate,0
40321.0,1,1,42,Yes,Graduate,0
37235.0,1,0,30,Yes,Graduate,0
81843.0,0,0,54,Yes,Postgraduate,1
46692.0,0,1,56,Yes,Postgraduate,1
77382.0,0,1,46,Yes,Graduate,3
37774.0,2,0,37,No,Graduate,2
18393.0,1,0,40,Yes,Undergraduate,0
72828.0,0,1,52,Yes,Postgraduate,1
24711.0,0,0,32,Yes,Graduate,0
45503.0,1,0,39,Yes,Postgraduate,0
6560.0,0,0,32,No,Postgraduate,2
71604.0,0,0,69,Yes,Postgraduate,1
27244.0,1,0,35,Yes,Graduate,0
48752.0,1,1,45,Yes,Graduate,0
71434.0,0,1,52,Yes,Graduate,1
90842.0,0,0,66,No,Graduate,1
88097.0,1,0,36,Yes,Postgraduate,3
51948.0,0,1,39,Yes,Graduate,0
71853.0,0,0,32,Yes,Graduate,3
35876.0,0,0,31,Yes,Postgraduate,0
40049.0,0,1,62,No,Graduate,1
39660.0,1,0,32,No,Graduate,2
50127.0,0,1,52,Yes,Graduate,1
43263.0,0,1,37,Yes,Postgraduate,0
62845.0,1,1,65,Yes,Postgraduate,1
18929.0,0,0,24,Yes,Graduate,0
24367.0,1,0,32,No,Undergraduate,2
33249.0,1,0,39,No,Graduate,2
26887.0,0,1,55,Yes,Undergraduate,0
50150.0,0,0,31,Yes,Postgraduate,0
62061.0,0,1,38,Yes,Graduate,3
85696.0,0,0,52,No,Postgraduate,1
76542.0,0,0,58,Yes,Postgraduate,1
70515.0,0,0,21,No,Graduate,3
18227.0,1,0,27,Yes,Graduate,0
69139.0,0,1,49,Yes,Graduate,1
69109.0,0,0,32,Yes,Graduate,3
69627.0,0,1,52,No,Graduate,1
38136.0,1,0,36,Yes,Graduate,0
62159.0,0,0,68,No,Postgraduate,1
80695.0,0,0,51,No,Graduate,1
33316.0,1,1,43,No,Postgraduate,2
58554.0,1,1,46,Yes,Graduate,3
17256.0,1,0,22,Yes,Undergraduate,0
53034.0,1,1,40,No,Graduate,2
52203.0,0,0,64,Yes,Undergraduate,1
59601.0,0,1,37,No,Undergraduate,2
75154.0,0,1,56,No,Postgraduate,1
47025.0,0,1,38,No,Graduate,2
37971.0,1,0,41,Yes,Graduate,0
41335.0,1,0,46,No,Postgraduate,2
67267.0,0,1,56,Yes,Graduate,1
57338.0,0,1,39,No,Graduate,2
50523.0,1,1,54,Yes,Undergraduate,1
35791.0,2,1,49,No,Postgraduate,2
50611.0,0,1,54,No,Postgraduate,1
56242.0,0,1,45,Yes,Postgraduate,3
48904.0,0,1,54,No,Graduate,1
56243.0,1,2,39,No,Graduate,2
21355.0,1,0,29,Yes,Graduate,0
57420.0,0,1,43,Yes,Postgraduate,3
46390.0,0,1,59,No,Postgraduate,1
54342.0,1,1,58,Yes,Undergraduate,1
20895.0,1,0,41,Yes,Graduate,0
92344.0,0,0,66,Yes,Graduate,1
26907.0,1,1,38,Yes,Undergraduate,0
44964.0,1,1,34,Yes,Graduate,0
75507.0,0,0,35,Yes,Graduate,3
53761.0,1,1,42,Yes,Postgraduate,3
22682.0,1,0,41,Yes,Graduate,0
38887.0,1,0,42,Yes,Postgraduate,0
41658.0,1,1,39,No,Undergraduate,2
29791.0,1,0,42,Yes,Postgraduate,0
63915.0,0,2,58,Yes,Postgraduate,1
39996.0,1,1,40,No,Graduate,2
26759.0,1,0,42,No,Graduate,2
63841.0,0,1,46,No,Postgraduate,3
51039.0,1,1,45,Yes,Postgraduate,0
60544.0,1,1,53,Yes,Graduate,1
65685.0,0,1,42,Yes,Graduate,3
37716.0,0,1,61,Yes,Graduate,1
36864.0,0,1,57,No,Graduate,2
44511.0,1,0,44,Yes,Postgraduate,0
36947.0,1,1,47,Yes,Postgraduate,0
47352.0,0,1,63,Yes,Postgraduate,1
67087.0,0,1,61,Yes,Postgraduate,1
57045.0,0,1,64,Yes,Graduate,1
36957.0,1,1,61,No,Postgraduate,1
69389.0,0,1,37,Yes,Postgraduate,3
80134.0,1,0,42,Yes,Graduate,3
43142.0,1,1,45,Yes,Postgraduate,0
80589.0,0,0,70,Yes,Graduate,1
34412.0,1,0,24,No,Graduate,2
57537.0,1,0,35,No,Graduate,2
22634.0,0,0,48,Yes,Undergraduate,0
51315.0,0,0,66,Yes,Graduate,1
36026.0,2,1,42,Yes,Graduate,0
24639.0,1,1,41,Yes,Graduate,0
34578.0,2,1,42,Yes,Postgraduate,0
65704.0,0,0,42,No,Undergraduate,3
63810.0,0,1,48,No,Graduate,1
54132.0,0,1,45,Yes,Postgraduate,3
18690.0,0,0,55,Yes,Graduate,0
28164.0,1,0,44,Yes,Graduate,0
34596.0,1,0,40,Yes,Postgraduate,0
43269.0,1,0,42,Yes,Postgraduate,0
38741.0,1,1,56,No,Undergraduate,2
31907.0,0,0,42,No,Graduate,2
27100.0,1,0,31,Yes,Postgraduate,0
31163.0,1,0,41,No,Undergraduate,2
92533.0,0,0,29,Yes,Graduate,3
34853.0,1,1,41,No,Graduate,2
70844.0,1,1,47,No,Graduate,3
31086.0,1,1,35,Yes,Undergraduate,0
60544.0,1,1,53,Yes,Graduate,1
20491.0,0,0,28,Yes,Undergraduate,0
42523.0,0,0,50,Yes,Graduate,0
39922.0,1,0,31,Yes,Graduate,0
33402.0,1,1,62,Yes,Graduate,1
36408.0,1,1,65,Yes,Postgraduate,1
21645.0,1,0,35,Yes,Graduate,0
78427.0,0,0,66,No,Postgraduate,1
82657.0,0,0,68,Yes,Graduate,1
51876.0,0,0,56,Yes,Graduate,1
78041.0,0,0,43,Yes,Undergraduate,3
52852.0,0,1,57,Yes,Graduate,1
70038.0,0,0,32,Yes,Postgraduate,3
69401.0,0,1,41,Yes,Undergraduate,3
46053.0,1,0,42,Yes,Graduate,0
77343.0,0,0,49,Yes,Graduate,3
73892.0,0,0,61,No,Graduate,1
40304.0,1,0,47,No,Postgraduate,2
32727.0,0,0,49,Yes,Postgraduate,0
68695.0,0,0,45,Yes,Graduate,3
43300.0,0,1,43,No,Graduate,2
26290.0,1,1,42,Yes,Graduate,0
93790.0,0,0,44,No,Graduate,3
38410.0,0,0,40,Yes,Postgraduate,0
64866.0,0,1,64,No,Postgraduate,1
57957.0,0,1,55,Yes,Graduate,1
46015.0,1,1,59,Yes,Postgraduate,1
16531.0,1,0,36,Yes,Graduate,0
28072.0,1,0,28,Yes,Postgraduate,0
49476.0,0,1,51,No,Postgraduate,2
50725.0,0,1,61,Yes,Graduate,1
83844.0,0,0,62,Yes,Graduate,1
41145.0,1,1,64,Yes,Postgraduate,1
67419.0,0,1,44,Yes,Graduate,3
23162.0,1,1,44,Yes,Undergraduate,0
34380.0,1,0,37,Yes,Graduate,0
34704.0,0,1,48,No,Graduate,2
94871.0,0,2,45,Yes,Postgraduate,3
65148.0,0,1,56,Yes,Graduate,1
39898.0,0,1,60,Yes,Graduate,1
64857.0,0,0,58,No,Postgraduate,1
59892.0,0,1,44,Yes,Postgraduate,3
41020.0,0,0,27,No,Postgraduate,2
57072.0,0,1,53,Yes,Postgraduate,1
60474.0,0,1,35,No,Graduate,3
62807.0,0,1,54,Yes,Graduate,1
19414.0,1,0,33,Yes,Undergraduate,0
19107.0,1,0,34,Yes,Graduate,0
75484.0,0,1,38,Yes,Undergraduate,3
70379.0,0,1,38,No,Postgraduate,3
79419.0,0,0,44,Yes,Postgraduate,3
64014.0,2,1,68,Yes,Postgraduate,1
76998.0,0,1,59,Yes,Graduate,1
49854.0,1,0,42,Yes,Postgraduate,0
60585.0,1,1,43,Yes,Postgraduate,3
42873.0,1,1,64,No,Postgraduate,1
87679.0,0,0,26,Yes,Graduate,3
57867.0,1,0,36,Yes,Graduate,3
35765.0,1,0,24,Yes,Graduate,0
65492.0,0,0,55,Yes,Graduate,1
32952.0,1,0,37,No,Graduate,2
53374.0,0,1,45,Yes,Postgraduate,3
71706.0,0,1,55,Yes,Graduate,1
68487.0,0,0,26,Yes,Graduate,3
53253.0,1,1,39,Yes,Postgraduate,3
31163.0,1,0,41,No,Undergraduate,2
42014.0,1,0,37,Yes,Graduate,0
54108.0,1,1,41,Yes,Postgraduate,3
49667.0,0,0,59,No,Postgraduate,1
63206.0,0,0,40,Yes,Postgraduate,3
57136.0,1,1,42,Yes,Postgraduate,3
46772.0,0,1,39,Yes,Undergraduate,0
78931.0,0,0,43,Yes,Postgraduate,3
53977.0,0,1,56,Yes,Graduate,1
84219.0,0,0,26,Yes,Graduate,3
46098.0,1,1,39,No,Postgraduate,2
73538.0,0,1,49,Yes,Graduate,3
79529.0,0,0,28,Yes,Graduate,3
20981.0,0,0,37,Yes,Undergraduate,0
51766.0,1,0,34,No,Graduate,2
55759.0,0,1,52,Yes,Graduate,1
33039.0,1,0,36,Yes,Graduate,0
37787.0,1,0,42,Yes,Postgraduate,0
27242.0,1,0,44,No,Graduate,2
87188.0,0,0,31,No,Postgraduate,3
69930.0,0,0,43,Yes,Graduate,3
37697.0,1,0,38,No,Graduate,2
37401.0,1,0,41,Yes,Postgraduate,0
3502.0,1,0,41,No,Graduate,2
58597.0,1,1,38,Yes,Graduate,3
82032.0,0,0,66,No,Postgraduate,1
28087.0,1,1,56,Yes,Graduate,0
74004.0,0,0,27,No,Postgraduate,3
19740.0,0,1,54,Yes,Graduate,0
57036.0,0,1,39,Yes,Undergraduate,3
53083.0,1,1,56,Yes,Undergraduate,1
69283.0,0,1,39,Yes,Postgraduate,3
46098.0,1,1,39,No,Postgraduate,2
23331.0,1,0,26,Yes,Undergraduate,0
23331.0,1,0,26,No,Undergraduate,2
9255.0,1,0,25,No,Graduate,2
67786.0,0,0,55,No,Postgraduate,1
71969.0,0,1,43,Yes,Postgraduate,3
59235.0,1,0,47,No,Postgraduate,1
31928.0,1,0,25,Yes,Graduate,0
74881.0,1,1,53,Yes,Postgraduate,1
65819.0,0,0,36,Yes,Graduate,3
51411.0,1,2,61,No,Postgraduate,1
51983.0,0,1,50,No,Graduate,2
42386.0,1,0,28,Yes,Postgraduate,0
30390.0,0,0,27,Yes,Undergraduate,0
30983.0,0,0,51,No,Graduate,2
66033.0,0,1,57,No,Graduate,1
37284.0,1,1,39,Yes,Undergraduate,0
57530.0,0,1,63,No,Postgraduate,1
76800.0,0,0,49,Yes,Undergraduate,3
63943.0,0,1,58,Yes,Graduate,1
76081.0,0,0,52,Yes,Graduate,1
67445.0,0,1,40,Yes,Graduate,3
37054.0,1,1,47,Yes,Postgraduate,0
47175.0,1,1,52,Yes,Postgraduate,1
31859.0,1,0,38,No,Graduate,2
27215.0,2,1,53,No,Graduate,2
70179.0,0,1,38,No,Postgraduate,3
39922.0,1,0,31,Yes,Graduate,0
49681.0,0,2,38,Yes,Postgraduate,0
24645.0,1,0,26,Yes,Graduate,0
79865.0,0,1,60,No,Graduate,1
44322.0,1,0,29,Yes,Graduate,0
47958.0,0,1,62,No,Graduate,1
63972.0,0,1,50,No,Postgraduate,1
75315.0,0,1,60,Yes,Graduate,1
55517.0,1,1,64,Yes,Postgraduate,1
75283.0,1,2,57,Yes,Postgraduate,1
82800.0,0,0,68,No,Postgraduate,1
38998.0,1,1,60,Yes,Graduate,1
90638.0,0,0,23,No,Postgraduate,3
27161.0,1,0,28,Yes,Postgraduate,0
42014.0,1,0,37,Yes,Graduate,0
38201.0,0,1,54,Yes,Postgraduate,1
45203.0,2,0,32,Yes,Graduate,0
81574.0,0,0,67,Yes,Postgraduate,1
34935.0,0,0,22,Yes,Graduate,0
60482.0,0,1,38,No,Postgraduate,3
34633.0,2,1,58,Yes,Graduate,1
78093.0,0,0,67,Yes,Postgraduate,1
82460.0,0,0,64,No,Graduate,1
45903.0,0,1,48,Yes,Postgraduate,0
81361.0,0,0,27,No,Graduate,3
35860.0,1,1,41,No,Postgraduate,2
40442.0,1,1,62,Yes,Postgraduate,1
61482.0,0,0,49,Yes,Graduate,1
34968.0,1,0,34,Yes,Graduate,0
75794.0,0,0,27,Yes,Graduate,3
31497.0,0,1,52,Yes,Postgraduate,0
74268.0,0,0,59,Yes,Graduate,1
13724.0,1,0,26,Yes,Undergraduate,0
45143.0,0,1,49,Yes,Postgraduate,1
52569.0,0,1,47,No,Postgraduate,2
48432.0,0,1,41,No,Postgraduate,2
17144.0,1,1,54,Yes,Postgraduate,0
36108.0,1,0,30,No,Graduate,2
76445.0,1,0,43,Yes,Graduate,3
36663.0,1,0,39,Yes,Postgraduate,0
53843.0,0,1,49,Yes,Postgraduate,1
90226.0,0,0,58,Yes,Postgraduate,1
70638.0,0,0,59,No,Postgraduate,1
44512.0,1,1,54,Yes,Graduate,1
27116.0,1,1,53,Yes,Graduate,0
54072.0,1,1,51,Yes,Postgraduate,1
71855.0,0,1,37,Yes,Graduate,3
51250.0,1,0,24,No,Undergraduate,2
60432.0,0,1,41,Yes,Postgraduate,3
65526.0,0,1,50,Yes,Postgraduate,1
68655.0,0,0,26,No,Graduate,3
12393.0,0,0,36,Yes,Undergraduate,0
64509.0,0,0,24,No,Graduate,3
33955.0,1,0,39,No,Graduate,2
31353.0,1,1,37,Yes,Graduate,0
55434.0,1,0,30,Yes,Graduate,3
28359.0,1,0,31,Yes,Graduate,0
57100.0,1,0,27,No,Graduate,2
69139.0,0,1,49,Yes,Graduate,1
52973.0,0,1,58,Yes,Postgraduate,1
51717.0,0,1,49,Yes,Postgraduate,1
18793.0,1,0,43,Yes,Graduate,0
66664.0,0,0,32,Yes,Undergraduate,3
50664.0,1,1,55,No,Graduate,1
54414.0,1,1,51,Yes,Graduate,1
54549.0,0,1,62,Yes,Postgraduate,1
47111.0,0,1,43,No,Postgraduate,2
41003.0,0,0,51,No,Postgraduate,2
19444.0,1,0,32,Yes,Graduate,0
36301.0,1,0,38,Yes,Undergraduate,0
73059.0,0,1,67,Yes,Postgraduate,1
42731.0,1,0,45,Yes,Postgraduate,0
52854.0,1,1,55,Yes,Postgraduate,1
22775.0,1,0,36,Yes,Graduate,0
46681.0,0,2,66,Yes,Postgraduate,1
59821.0,0,1,59,Yes,Postgraduate,1
50002.0,0,1,60,No,Graduate,1
69755.0,0,0,69,Yes,Graduate,1
44078.0,1,1,45,Yes,Graduate,0
30560.0,1,0,38,Yes,Postgraduate,0
35924.0,1,1,45,Yes,Postgraduate,0
64140.0,0,2,50,No,Postgraduate,1
56386.0,1,1,33,Yes,Graduate,3
24594.0,1,0,35,Yes,Undergraduate,0
75774.0,1,0,33,Yes,Undergraduate,3
39228.0,0,0,54,No,Postgraduate,2
58494.0,0,1,40,Yes,Postgraduate,3
58684.0,0,0,33,No,Graduate,3
57136.0,0,0,47,No,Graduate,2
56551.0,1,1,64,No,Postgraduate,1
22448.0,1,0,32,Yes,Graduate,0
82014.0,0,0,53,No,Graduate,1
34213.0,1,1,51,No,Graduate,2
118350.5,0,0,37,Yes,Graduate,3
25358.0,0,1,67,No,Postgraduate,1
35544.0,1,0,36,No,Postgraduate,2
36634.0,0,1,60,Yes,Postgraduate,1
62670.0,0,1,60,Yes,Postgraduate,1
50334.0,0,1,42,Yes,Undergraduate,0
72066.0,0,0,33,No,Graduate,3
50729.0,1,1,56,No,Postgraduate,1
34916.0,2,0,46,Yes,Graduate,0
64892.0,0,1,38,No,Graduate,3
43602.0,1,1,48,No,Graduate,2
33996.0,0,0,25,No,Postgraduate,2
41473.0,1,0,29,No,Undergraduate,2
63246.0,0,2,47,Yes,Postgraduate,1
36732.0,1,1,55,Yes,Postgraduate,1
69084.0,1,0,44,Yes,Postgraduate,3
77766.0,0,1,47,Yes,Postgraduate,3
37929.0,0,0,29,No,Postgraduate,2
86610.0,0,0,63,Yes,Graduate,1
80141.0,0,0,28,Yes,Postgraduate,3
72635.0,0,0,59,Yes,Undergraduate,1
69016.0,0,1,44,Yes,Graduate,3
20193.0,0,0,23,Yes,Undergraduate,0
27573.0,1,0,39,Yes,Graduate,0
15862.0,1,0,35,No,Undergraduate,2
49544.0,1,0,38,Yes,Postgraduate,0
33228.0,1,0,34,Yes,Graduate,0
70440.0,0,0,36,Yes,Graduate,3
38232.0,1,1,43,Yes,Graduate,0
22554.0,1,1,59,Yes,Postgraduate,0
23536.0,1,0,31,Yes,Postgraduate,0
49413.0,0,1,62,Yes,Graduate,1
42231.0,1,1,45,Yes,Graduate,0
78789.0,0,0,34,No,Postgraduate,3
56534.0,0,1,46,Yes,Graduate,3
58350.0,0,1,43,No,Graduate,2
81217.0,0,0,25,No,Graduate,3
49090.0,0,1,63,No,Graduate,1
61787.0,0,0,27,No,Postgraduate,3
18169.0,1,0,29,Yes,Postgraduate,0
24336.0,1,0,33,No,Undergraduate,2
18222.0,0,0,24,Yes,Graduate,0
62335.0,0,1,62,No,Graduate,1
42033.0,1,1,43,Yes,Undergraduate,0
86580.0,0,0,31,Yes,Postgraduate,3
41437.0,1,1,57,No,Postgraduate,1
73705.0,0,2,63,No,Postgraduate,1
61064.0,0,1,38,Yes,Graduate,3
38452.0,1,1,59,Yes,Postgraduate,1
18358.0,1,0,25,No,Graduate,2
55012.0,0,1,41,Yes,Postgraduate,3
9722.0,1,0,41,Yes,Undergraduate,0
38175.0,1,0,30,Yes,Postgraduate,0
58656.0,0,1,58,Yes,Postgraduate,1
52117.0,0,1,49,Yes,Graduate,1
64813.0,1,0,36,Yes,Graduate,3
54222.0,0,1,41,Yes,Postgraduate,3
83512.0,0,0,28,Yes,Graduate,3
77520.0,0,1,55,Yes,Postgraduate,1
41154.0,0,1,36,Yes,Graduate,0
80398.0,0,0,48,Yes,Graduate,3
18746.0,1,0,22,No,Undergraduate,2
35196.0,1,0,30,Yes,Graduate,0
60230.0,0,1,58,No,Graduate,1
22108.0,1,1,37,Yes,Graduate,0
44392.0,1,1,40,Yes,Graduate,0
55424.0,0,1,38,Yes,Postgraduate,3
17688.0,1,0,35,Yes,Graduate,0
92491.0,0,0,31,Yes,Postgraduate,3
90273.0,0,0,23,No,Graduate,3
82571.0,0,0,52,No,Postgraduate,1
38513.0,1,0,32,No,Postgraduate,2
16653.0,1,0,35,No,Postgraduate,2
42586.0,1,1,59,Yes,Graduate,1
23529.0,0,1,49,No,Undergraduate,2
74881.0,1,1,53,Yes,Postgraduate,1
71107.0,0,1,63,Yes,Graduate,1
46910.0,1,1,50,Yes,Postgraduate,1
18690.0,0,0,55,Yes,Graduate,0
37244.0,1,1,59,No,Graduate,1
82427.0,0,0,48,Yes,Graduate,3
75342.0,0,1,56,No,Undergraduate,1
70044.0,0,1,60,No,Graduate,1
79146.0,1,1,47,No,Graduate,3
77437.0,0,0,51,Yes,Graduate,1
54984.0,0,1,55,Yes,Graduate,1
42403.0,1,0,43,Yes,Postgraduate,0
55761.0,0,1,50,Yes,Graduate,1
37292.0,1,0,31,Yes,Graduate,0
45576.0,0,0,69,No,Postgraduate,1
70321.0,0,0,67,Yes,Graduate,1
58086.0,0,1,45,No,Postgraduate,2
81795.0,0,0,62,Yes,Graduate,1
28389.0,0,0,67,Yes,Undergraduate,1
66835.0,0,0,68,Yes,Postgraduate,1
69901.0,0,1,45,No,Graduate,3
80360.0,0,0,65,Yes,Postgraduate,1
63342.0,0,1,53,Yes,Postgraduate,1
44989.0,0,1,40,Yes,Graduate,0
31859.0,1,0,34,No,Undergraduate,2
51569.0,0,1,65,No,Postgraduate,1
30372.0,1,1,43,No,Graduate,2
16014.0,1,1,35,No,Undergraduate,2
41120.0,1,1,46,Yes,Graduate,0
39763.0,1,0,43,No,Postgraduate,2
38725.0,1,1,59,Yes,Postgraduate,1
77981.0,1,0,42,Yes,Graduate,3
62905.0,0,1,50,Yes,Undergraduate,1
13533.0,1,0,35,No,Undergraduate,2
59481.0,0,1,39,Yes,Graduate,3
72117.0,0,1,37,Yes,Graduate,3
21955.0,1,0,28,Yes,Undergraduate,0
67131.0,0,1,58,Yes,Graduate,1
36802.0,1,0,34,No,Postgraduate,2
71853.0,0,0,32,Yes,Graduate,3
28249.0,0,0,53,Yes,Undergraduate,0
47808.0,0,1,39,Yes,Postgraduate,0
25509.0,1,0,40,No,Postgraduate,2
51012.0,0,0,68,Yes,Postgraduate,1
70596.0,0,0,29,No,Graduate,3
85431.0,0,0,62,Yes,Postgraduate,1
42664.0,0,1,47,Yes,Graduate,0
42586.0,1,1,59,Yes,Graduate,1
29760.0,1,0,29,No,Graduate,2
28973.0,0,0,37,Yes,Postgraduate,0
39435.0,1,0,41,Yes,Postgraduate,0
65370.0,0,0,30,Yes,Undergraduate,3
20194.0,1,0,35,No,Undergraduate,2
42473.0,1,1,38,No,Postgraduate,2
64590.0,0,0,46,Yes,Graduate,3
71232.0,0,1,55,Yes,Graduate,1
34600.0,1,1,43,Yes,Graduate,0
46904.0,1,1,47,No,Graduate,2
49094.0,0,1,41,Yes,Graduate,0
36075.0,1,0,31,Yes,Graduate,0
60839.0,1,1,35,Yes,Undergraduate,3
77298.0,0,1,35,Yes,Graduate,3
34026.0,1,1,64,Yes,Graduate,1
48918.0,1,1,51,No,Postgraduate,2
82122.0,0,0,52,Yes,Undergraduate,1
37697.0,1,0,38,No,Graduate,2
34074.0,1,1,62,Yes,Graduate,1
28520.0,1,1,54,Yes,Postgraduate,0
62535.0,0,1,59,No,Graduate,1
36273.0,1,0,37,No,Postgraduate,2
63404.0,0,2,50,Yes,Graduate,1
75774.0,1,0,33,Yes,Undergraduate,3
78416.0,0,1,38,Yes,Graduate,3
75702.0,0,1,40,Yes,Graduate,3
59385.0,1,1,63,Yes,Postgraduate,1
37070.0,1,1,48,No,Graduate,2
44689.0,1,1,63,Yes,Graduate,1
53977.0,0,1,56,Yes,Graduate,1
7144.0,0,2,48,No,Postgraduate,2
18701.0,1,1,50,No,Graduate,2
90369.0,0,0,58,Yes,Graduate,1
63159.0,0,0,40,No,Postgraduate,3
37758.0,1,1,48,Yes,Graduate,0
46757.0,0,1,51,No,Postgraduate,2
79734.0,0,0,45,Yes,Postgraduate,3
63207.0,0,0,22,Yes,Graduate,3
72071.0,0,1,60,No,Graduate,1
21840.0,1,0,31,Yes,Postgraduate,0
58582.0,0,1,32,Yes,Undergraduate,3
72282.0,0,0,63,No,Graduate,1
50387.0,0,2,58,Yes,Graduate,1
32583.0,1,1,53,Yes,Postgraduate,0
62568.0,0,1,52,Yes,Graduate,1
44635.0,1,1,43,No,Postgraduate,2
33316.0,1,1,43,No,Postgraduate,2
63967.0,0,1,46,Yes,Graduate,3
52513.0,0,0,36,Yes,Undergraduate,0
25293.0,1,0,45,Yes,Graduate,0
54111.0,0,1,49,No,Postgraduate,2
78394.0,0,0,28,Yes,Graduate,3
80739.0,0,0,56,Yes,Postgraduate,1
22669.0,1,0,39,Yes,Postgraduate,0
29236.0,1,0,27,No,Graduate,2
44911.0,0,1,55,Yes,Graduate,1
54693.0,0,1,52,Yes,Postgraduate,1
48186.0,1,0,40,Yes,Graduate,0
54809.0,1,1,37,Yes,Graduate,3
41580.0,1,1,36,Yes,Graduate,0
80336.0,0,0,44,Yes,Postgraduate,3
47743.0,0,1,57,Yes,Graduate,1
62972.0,0,1,59,Yes,Undergraduate,1
57333.0,0,1,60,No,Postgraduate,1
32313.0,1,0,32,Yes,Postgraduate,0
84953.0,0,0,61,No,Postgraduate,1
27071.0,1,0,46,No,Postgraduate,2
68148.0,0,0,57,Yes,Postgraduate,1
65735.0,1,1,49,Yes,Postgraduate,1
86836.0,0,0,39,Yes,Postgraduate,3
4023.0,1,1,51,Yes,Postgraduate,0
30093.0,0,0,24,Yes,Graduate,0
57705.0,0,1,48,Yes,Postgraduate,1
25008.0,1,0,26,No,Graduate,2
83257.0,0,0,19,No,Undergraduate,3
22280.0,1,0,39,Yes,Graduate,0
72159.0,0,0,36,Yes,Postgraduate,3
64260.0,0,0,53,Yes,Graduate,1
82733.0,0,0,30,No,Postgraduate,3
74290.0,0,1,43,No,Postgraduate,3
58217.0,2,1,63,No,Postgraduate,1
21024.0,0,0,38,Yes,Postgraduate,0
70116.0,0,0,42,Yes,Postgraduate,3
54006.0,1,0,29,Yes,Graduate,3
69063.0,0,1,48,Yes,Postgraduate,1
11448.0,0,0,39,No,Undergraduate,2
61825.0,0,1,35,No,Graduate,3
70886.0,1,0,43,Yes,Graduate,3
69109.0,0,0,32,Yes,Graduate,3
60208.0,1,1,41,No,Graduate,2
32889.0,1,1,46,Yes,Postgraduate,0
34738.0,1,0,30,No,Graduate,2
30538.0,1,0,43,Yes,Postgraduate,0
82326.0,0,0,37,Yes,Undergraduate,3
26642.0,1,0,47,No,Postgraduate,2
69932.0,0,1,50,No,Graduate,1
44503.0,1,1,42,No,Graduate,2
60200.0,0,1,66,No,Postgraduate,1
49638.0,0,1,62,No,Graduate,1
23830.0,0,0,27,No,Undergraduate,2
33051.0,0,0,55,No,Postgraduate,2
72905.0,0,0,56,Yes,Graduate,1
69702.0,0,1,63,Yes,Postgraduate,1
70300.0,1,0,39,No,Graduate,3
70643.0,0,0,30,Yes,Postgraduate,3
30396.0,1,0,45,Yes,Postgraduate,0
50616.0,0,1,46,No,Postgraduate,2
62772.0,0,1,45,No,Postgraduate,3
30298.0,0,0,29,No,Postgraduate,2
52413.0,1,0,30,No,Graduate,2
44155.0,1,1,57,Yes,Postgraduate,1
86979.0,0,0,43,No,Postgraduate,3
76532.0,1,1,39,Yes,Graduate,3
42081.0,1,0,32,Yes,Graduate,0
67546.0,0,0,26,Yes,Postgraduate,3
88420.0,0,0,25,Yes,Postgraduate,3
31158.0,1,0,29,Yes,Graduate,0
61671.0,0,1,46,No,Graduate,2
69719.0,0,0,40,No,Graduate,3
49160.0,0,1,65,No,Graduate,1
24882.0,1,0,36,Yes,Undergraduate,0
90933.0,0,0,60,No,Postgraduate,1
113734.0,0,0,69,No,Postgraduate,1
59292.0,0,1,64,Yes,Postgraduate,1
45759.0,1,1,50,Yes,Postgraduate,1
22148.0,0,0,31,No,Graduate,2
73395.0,0,0,27,Yes,Postgraduate,3
29819.0,1,0,43,No,Graduate,2
45688.0,0,1,46,Yes,Graduate,0
62820.0,0,0,60,Yes,Graduate,1
60491.0,0,1,43,Yes,Postgraduate,3
33235.0,1,0,28,Yes,Graduate,0
35701.0,0,0,55,Yes,Graduate,0
31535.0,1,0,34,Yes,Postgraduate,0
92556.0,0,0,54,Yes,Undergraduate,1
67384.0,0,1,44,No,Graduate,3
80573.0,0,0,43,Yes,Postgraduate,3
77870.0,0,1,47,Yes,Graduate,3
52278.0,0,1,51,No,Postgraduate,1
57107.0,0,1,46,No,Graduate,2
18929.0,0,0,24,Yes,Graduate,0
36038.0,1,0,33,No,Postgraduate,2
20180.0,0,0,38,No,Graduate,2
34230.0,1,1,49,Yes,Postgraduate,0
31878.0,0,1,37,No,Undergraduate,2
70932.0,0,1,42,Yes,Undergraduate,3
91249.0,0,0,58,No,Graduate,1
77598.0,0,0,71,No,Postgraduate,1
80982.0,1,1,55,No,Graduate,1
22701.0,1,0,37,Yes,Postgraduate,0
55212.0,0,1,45,Yes,Postgraduate,3
70617.0,0,0,44,Yes,Graduate,3
64849.0,0,0,57,No,Graduate,1
62694.0,1,1,49,Yes,Postgraduate,1
61917.0,1,1,40,Yes,Postgraduate,3
67472.0,0,1,67,Yes,Postgraduate,1
21059.0,1,0,32,Yes,Postgraduate,0
29543.0,2,0,46,Yes,Postgraduate,0
75903.0,0,1,63,Yes,Graduate,1
34984.0,1,1,39,Yes,Undergraduate,0
54998.0,0,1,58,No,Postgraduate,1
54356.0,0,1,65,No,Postgraduate,1
34242.0,0,1,55,Yes,Postgraduate,1
25410.0,1,0,41,Yes,Graduate,0
73356.0,0,0,30,Yes,Postgraduate,3
28320.0,0,1,64,Yes,Graduate,1
23763.0,1,0,37,No,Graduate,2
72570.0,0,0,30,Yes,Graduate,3
34529.0,1,0,38,Yes,Postgraduate,0
70792.0,0,0,63,No,Graduate,1
63211.0,0,0,32,Yes,Graduate,3
83891.0,0,1,40,Yes,Postgraduate,3
36065.0,1,1,46,No,Graduate,2
39898.0,0,1,60,Yes,Graduate,1
51141.0,0,0,74,No,Postgraduate,1
56939.0,0,1,38,Yes,Graduate,3
80872.0,0,0,63,No,Graduate,1
72335.0,0,0,38,Yes,Postgraduate,3
61798.0,0,0,50,No,Postgraduate,1
76842.0,0,0,64,No,Postgraduate,1
29478.0,1,0,38,Yes,Graduate,0
46998.0,0,1,58,No,Graduate,1
96843.0,0,0,24,No,Graduate,3
56551.0,1,1,64,No,Postgraduate,1
70053.0,0,1,49,Yes,Postgraduate,1
71670.0,0,0,52,No,Postgraduate,1
44359.0,1,1,36,Yes,Graduate,0
40887.0,1,1,62,No,Graduate,1
48877.0,0,1,48,No,Graduate,2
74485.0,0,0,67,Yes,Graduate,1
64474.0,0,1,42,Yes,Graduate,3
77226.0,0,1,51,Yes,Graduate,1
72643.0,0,0,65,No,Graduate,1
85738.0,0,0,36,Yes,Postgraduate,3
55686.0,0,1,48,No,Graduate,2
39062.0,1,0,31,No,Graduate,2
34600.0,1,1,43,Yes,Graduate,0
40794.0,0,1,39,Yes,Graduate,0
54690.0,1,1,43,Yes,Undergraduate,0
4428.0,0,1,45,Yes,Graduate,0
32632.0,0,0,51,Yes,Undergraduate,0
38236.0,1,1,46,No,Postgraduate,2
36781.0,1,0,35,Yes,Graduate,0
31385.0,1,0,30,No,Postgraduate,2
24570.0,1,0,30,Yes,Graduate,0
25509.0,1,0,40,No,Postgraduate,2
94642.0,0,0,63,Yes,Graduate,1
58646.0,0,1,52,Yes,Postgraduate,1
53201.0,1,1,39,No,Graduate,2
21994.0,0,1,57,Yes,Graduate,0
57113.0,1,1,36,Yes,Graduate,3
51373.0,0,0,23,Yes,Graduate,0
23477.0,1,0,28,Yes,Graduate,0
58116.0,0,1,58,Yes,Graduate,1
72968.0,0,0,51,No,Postgraduate,1
39791.0,0,1,43,Yes,Postgraduate,0
91712.0,0,0,67,No,Postgraduate,1
94472.0,0,1,56,No,Graduate,1
13672.0,1,1,54,Yes,Graduate,0
96547.0,0,0,34,Yes,Undergraduate,3
79205.0,0,0,39,Yes,Graduate,3
56559.0,0,1,39,Yes,Postgraduate,3
32644.0,1,0,41,Yes,Postgraduate,0
67506.0,0,1,34,No,Undergraduate,3
24206.0,1,0,44,No,Graduate,2
28420.0,1,0,47,No,Postgraduate,2
22979.0,1,0,44,Yes,Graduate,0
33279.0,0,0,48,No,Graduate,2
46423.0,1,1,42,No,Postgraduate,2
30368.0,0,1,37,Yes,Graduate,0
63684.0,0,1,44,Yes,Graduate,3
41638.0,0,1,50,No,Graduate,2
68805.0,0,1,55,No,Postgraduate,1
65814.0,0,1,48,Yes,Postgraduate,1
71964.0,0,0,56,No,Graduate,1
39146.0,1,0,28,No,Graduate,2
96876.0,0,0,37,Yes,Graduate,3
34445.0,0,0,33,Yes,Undergraduate,0
68281.0,0,0,56,No,Graduate,1
37284.0,1,1,39,Yes,Undergraduate,0
36790.0,0,0,31,Yes,Graduate,0
27943.0,1,1,47,Yes,Graduate,0
22263.0,1,1,63,No,Graduate,2
30261.0,1,2,42,Yes,Graduate,0
28587.0,1,0,36,Yes,Graduate,0
43815.0,1,0,32,Yes,Postgraduate,0
48195.0,1,1,58,Yes,Graduate,1
77027.0,0,1,62,Yes,Postgraduate,1
71322.0,0,1,49,Yes,Postgraduate,1
32765.0,1,0,35,Yes,Postgraduate,0
29672.0,1,1,49,Yes,Graduate,0
23272.0,0,0,61,No,Graduate,2
49912.0,0,1,65,Yes,Postgraduate,1
7500.0,1,0,29,Yes,Undergraduate,0
68117.0,0,1,67,No,Postgraduate,1
67225.0,0,1,59,Yes,Graduate,1
17649.0,1,0,38,Yes,Graduate,0
55914.0,0,1,39,Yes,Graduate,3
40059.0,1,0,30,Yes,Graduate,0
60905.0,0,1,64,Yes,Graduate,1
75330.0,1,1,37,Yes,Graduate,3
60689.0,0,1,63,No,Graduate,1
38680.0,1,0,30,Yes,Graduate,0
61416.0,0,0,32,Yes,Graduate,3
49767.0,0,0,23,No,Graduate,2
83273.0,1,2,44,No,Graduate,3
29009.0,1,0,33,Yes,Graduate,0
45057.0,1,0,35,Yes,Postgraduate,0
37150.0,1,0,43,Yes,Graduate,0
43020.0,1,0,44,No,Graduate,2
53154.0,0,1,55,Yes,Graduate,1
65308.0,0,0,41,Yes,Graduate,3
76467.0,1,0,44,No,Graduate,3
81044.0,0,0,67,Yes,Undergraduate,1
32871.0,1,1,63,Yes,Graduate,1
55801.0,1,1,39,No,Graduate,2
76320.0,0,1,55,No,Graduate,1
36927.0,1,1,59,No,Postgraduate,1
48794.0,1,1,61,Yes,Graduate,1
23478.0,0,0,49,No,Graduate,2
71128.0,1,0,41,No,Graduate,3
70179.0,0,1,38,No,Postgraduate,3
59462.0,0,1,64,Yes,Graduate,1
38361.0,1,0,45,Yes,Graduate,0
70038.0,0,0,32,Yes,Postgraduate,3
42554.0,1,1,36,Yes,Graduate,0
67445.0,0,1,40,Yes,Graduate,3
67046.0,0,1,63,No,Graduate,1
42192.0,0,0,66,Yes,Graduate,1
77610.0,0,1,62,Yes,Postgraduate,1
31761.0,1,0,30,Yes,Graduate,0
34350.0,1,0,35,Yes,Graduate,0
54591.0,0,1,65,Yes,Graduate,1
71866.0,0,1,58,Yes,Graduate,1
25293.0,1,0,45,Yes,Graduate,0
42000.0,0,0,27,No,Postgraduate,2
69520.0,0,0,31,Yes,Graduate,3
64713.0,1,0,44,No,Graduate,3
27889.0,1,0,37,Yes,Postgraduate,0
22123.0,0,0,54,No,Undergraduate,2
27803.0,1,0,41,Yes,Graduate,0
51651.0,0,1,54,Yes,Graduate,1
68487.0,0,0,26,Yes,Graduate,3
56796.0,0,1,45,Yes,Graduate,3
87000.0,0,0,22,Yes,Undergraduate,3
79823.0,0,1,55,Yes,Graduate,1
30828.0,1,0,34,No,Graduate,2
34109.0,0,1,43,Yes,Postgraduate,0
53367.0,1,1,40,No,Postgraduate,2
22390.0,0,0,45,Yes,Undergraduate,0
71322.0,0,1,38,Yes,Graduate,3
79244.0,0,0,21,No,Graduate,3
49912.0,0,1,65,Yes,Postgraduate,1
48699.0,1,1,64,Yes,Postgraduate,1
80144.0,0,0,39,Yes,Graduate,3
54252.0,1,1,58,No,Graduate,1
81929.0,1,0,38,Yes,Postgraduate,3
76068.0,0,1,39,Yes,Graduate,3
53204.0,1,1,38,Yes,Postgraduate,3
67911.0,0,1,65,Yes,Postgraduate,1
14796.0,1,0,30,Yes,Undergraduate,0
78128.0,0,1,40,Yes,Postgraduate,3
14188.0,0,0,42,Yes,Undergraduate,0
20425.0,1,0,28,Yes,Undergraduate,0
58646.0,0,1,52,Yes,Postgraduate,1
72967.0,0,1,44,No,Graduate,3
48150.0,0,1,65,Yes,Postgraduate,1
82332.0,0,0,53,No,Graduate,1
58275.0,1,1,59,No,Graduate,1
44953.0,0,0,33,Yes,Postgraduate,0
34587.0,1,1,61,Yes,Graduate,1
43018.0,0,1,40,Yes,Postgraduate,0
45736.0,0,1,60,Yes,Postgraduate,1
66476.0,0,1,45,Yes,Postgraduate,3
27733.0,1,0,33,Yes,Undergraduate,0
69805.0,0,1,62,Yes,Postgraduate,1
72217.0,0,0,52,No,Postgraduate,1
25818.0,1,0,43,No,Graduate,2
37509.0,1,0,38,Yes,Postgraduate,0
25176.0,1,1,38,Yes,Undergraduate,0
43586.0,0,1,34,Yes,Graduate,0
53230.0,0,1,58,Yes,Undergraduate,1
50116.0,1,1,57,Yes,Graduate,1
84906.0,0,0,42,Yes,Graduate,3
61286.0,0,1,48,Yes,Graduate,1
82333.0,0,0,28,Yes,Postgraduate,3
65220.0,0,0,49,Yes,Postgraduate,1
33590.0,2,1,40,Yes,Graduate,0
30992.0,1,0,38,No,Graduate,2
72309.0,0,0,38,No,Postgraduate,3
118350.5,0,0,65,Yes,Postgraduate,1
16005.0,1,0,34,Yes,Undergraduate,0
65487.0,0,0,57,No,Postgraduate,1
58692.0,0,1,49,Yes,Graduate,1
40590.0,1,1,45,No,Graduate,2
20587.0,1,0,44,No,Graduate,2
62637.0,0,1,60,No,Postgraduate,1
29435.0,1,1,48,No,Postgraduate,2
19346.0,1,0,40,No,Graduate,2
35788.0,1,1,43,Yes,Graduate,0
36997.0,1,1,46,No,Graduate,2
23539.0,0,0,57,Yes,Graduate,0
65333.0,0,1,41,No,Graduate,3
78499.0,0,0,57,No,Graduate,1
29732.0,1,0,43,Yes,Postgraduate,0
41275.0,1,2,54,Yes,Postgraduate,1
63516.0,1,1,41,Yes,Postgraduate,3
42769.0,0,1,52,Yes,Postgraduate,1
49572.0,1,1,56,Yes,Postgraduate,1
69209.0,0,0,42,Yes,Graduate,3
17148.0,1,0,38,Yes,Graduate,0
40590.0,1,1,45,No,Graduate,2
30560.0,1,0,38,Yes,Postgraduate,0
32146.0,1,0,31,Yes,Undergraduate,0
41713.0,1,1,50,No,Undergraduate,2
34176.0,0,1,39,Yes,Postgraduate,0
58482.0,0,1,59,Yes,Postgraduate,1
59686.0,0,1,49,No,Graduate,1
60896.0,0,1,50,Yes,Postgraduate,1
62994.0,1,0,34,Yes,Graduate,3
47320.0,0,1,57,Yes,Graduate,1
74859.0,0,0,65,No,Undergraduate,1
15253.0,1,0,22,No,Undergraduate,2
31560.0,1,0,40,No,Postgraduate,2
72071.0,0,1,60,No,Graduate,1
91172.0,0,0,24,No,Postgraduate,3
90000.0,0,0,30,Yes,Graduate,3
41967.0,1,1,33,No,Graduate,2
69263.0,0,1,49,No,Graduate,1
65706.0,0,0,44,No,Undergraduate,3
60934.0,0,1,39,Yes,Graduate,3
71965.0,0,1,63,Yes,Graduate,1
65210.0,0,1,59,Yes,Graduate,1
79174.0,0,0,39,Yes,Postgraduate,3
81380.0,0,0,47,No,Postgraduate,3
48432.0,0,1,41,No,Postgraduate,2
52914.0,0,1,43,Yes,Graduate,0
38946.0,0,1,59,Yes,Graduate,1
26067.0,1,0,40,Yes,Graduate,0
44325.0,0,1,42,Yes,Postgraduate,0
42523.0,0,0,50,Yes,Graduate,0
26487.0,1,0,36,No,Undergraduate,2
53233.0,0,1,57,Yes,Undergraduate,1
67716.0,0,1,54,Yes,Graduate,1
76234.0,0,1,42,Yes,Postgraduate,3
84117.0,0,0,58,Yes,Postgraduate,1
65487.0,0,0,57,Yes,Postgraduate,1
25224.0,1,0,42,Yes,Undergraduate,0
89616.0,0,0,31,No,Postgraduate,3
40851.0,1,1,43,No,Graduate,2
27469.0,0,0,67,Yes,Graduate,1
82347.0,0,0,57,Yes,Undergraduate,1
73803.0,0,1,57,Yes,Graduate,1
8820.0,1,1,62,No,Postgraduate,2
43322.0,0,0,40,No,Graduate,2
55593.0,0,1,41,Yes,Graduate,3
50501.0,1,1,60,Yes,Graduate,1
37085.0,1,1,39,Yes,Graduate,0
16185.0,1,0,24,No,Undergraduate,2
57731.0,0,1,45,No,Graduate,2
48432.0,0,1,41,No,Postgraduate,2
73807.0,0,1,36,Yes,Graduate,3
18929.0,0,0,24,Yes,Graduate,0
35893.0,1,1,46,No,Graduate,2
61014.0,0,1,34,Yes,Graduate,3
32144.0,1,1,60,Yes,Graduate,1
14918.0,0,1,51,Yes,Undergraduate,0
45146.0,1,1,51,No,Graduate,2
41769.0,0,1,59,No,Undergraduate,1
88325.0,0,0,33,Yes,Graduate,3
38054.0,1,1,64,No,Postgraduate,1
80617.0,0,0,19,No,Undergraduate,3
5305.0,0,1,38,Yes,Graduate,0
36807.0,1,1,60,Yes,Graduate,1
28427.0,1,0,31,Yes,Graduate,0
82032.0,0,0,66,No,Postgraduate,1
22775.0,1,0,36,Yes,Graduate,0
40101.0,1,0,29,Yes,Postgraduate,0
58025.0,0,1,35,Yes,Graduate,3
75777.0,0,0,32,No,Postgraduate,3
7500.0,1,0,35,Yes,Undergraduate,0
33562.0,1,2,51,Yes,Postgraduate,0
57642.0,0,1,44,No,Postgraduate,2
58554.0,1,1,46,Yes,Graduate,3
63777.0,1,1,35,Yes,Graduate,3
57967.0,0,1,52,No,Graduate,1
24434.0,2,0,42,Yes,Graduate,0
11012.0,1,0,30,No,Graduate,2
44802.0,0,0,44,No,Postgraduate,2
26816.0,0,0,28,No,Graduate,2
118350.5,1,0,37,Yes,Graduate,3
34421.0,1,0,40,Yes,Graduate,0
61223.0,0,1,47,Yes,Graduate,3
64014.0,2,1,68,Yes,Postgraduate,1
56981.0,0,0,33,No,Graduate,2
69245.0,0,1,58,Yes,Postgraduate,1
52869.0,1,1,60,Yes,Postgraduate,1
